87,"what is annuity deposit (customer request form)","Annuity Deposit: Think of this as the exact opposite of a loan EMI or a recurring deposit. You hand the bank a large lump sum of money all at once. The bank then pays you back in equated monthly installments over a set period (e.g., 3, 5, or 10 years). Each monthly payout contains a mix of your principal amount plus the interest earned on your remaining balance. By the final month, the account balance hits zero and automatically closes.","An annuity deposit is a financial product offered by banks, such as the State Bank of India (SBI), that allows customers to make a lump-sum deposit which will then generate regular monthly payouts for a specified period. These payouts are typically used to provide a steady income, particularly ideal for retirees or individuals looking for fixed income sources.

In the context of a customer request form, it is a document that customers fill out to initiate the process for an annuity deposit. The form generally includes details such as the customer's personal information, the amount they wish to deposit, the tenure of the deposit, and any other relevant instructions or requests. Customers may also need to provide documentation like proof of identity and address as part of the process. 

Overall, the request form serves to formalize the customer's intent and the terms under which the annuity deposit will be made.","branch transfer. Senior Citizen Perks: Seniors may enjoy additional benefits like higher interest rates Factors Affecting SBI Annuity Deposit Several key factors influence the annuity payouts under the SBI Annuity Deposit Scheme: Deposit Amount and Interest Rate Higher deposit amounts result in larger monthly payouts. The interest rate at the time of investment plays a crucial role—higher rates lead to higher annuity income. Interest rates generally align with SBI’s term deposit rates and vary depending on the selected tenure. Annuity Type and Payout Frequency The type of annuity (such as single or joint life) affects the payout structure. You can choose how often you want to receive payments—monthly, quarterly, etc. In joint annuities, payments may continue to a surviving partner after the primary holder’s demise. Demographic Factors Older individuals typically receive higher payouts due to a shorter expected payout duration. Some annuity plans may also vary the payout based on gender. Additional Considerations Some annuities come with guaranteed income for a fixed period. A deferment period may apply before the start of regular payments. SBI offers the option of a loan or overdraft against the annuity deposit. Annuity income is taxable under current income tax laws. Accounts can be transferred between SBI branches for added convenience. In summary, the SBI Annuity Deposit Scheme provides a secure and assured source of monthly income, which is a good option for individuals who need financial security after retirement. Suppose one understands the factors influencing annuity payouts, such as deposit size, interest rate, age, and payout options. In that case, investors can choose to optimize the scheme in favor of long-term financial objectives. Which is better, FD or annuity? FDs are better for short- to medium-term savings with flexible withdrawals, while annuities suit long-term income needs by offering guaranteed monthly payouts, which have proven deal for retirees. How is SBI annuity deposit calculated? The SBI annuity deposit scheme calculator simplifies financial planning by showing you exactly how much you can expect to receive every month, helping you make informed investment decisions. Is there any tax benefit on the investment? The SBI Annuity Deposit Scheme does not offer tax benefits under Section 80C for the invested amount. Instead, the interest earned is subject to Tax Deducted at Source (TDS). Senior citizens can avail a deduction of up to ₹50,000 on interest income under Section 80TTB of the Income Tax Act. Features of SBI Annuity Deposit Scheme Some of the main features of the SBI Annuity Deposit Scheme are as follows: This scheme is available with deposit periods of 36, 60, 84 or 120 months (3 years, 5 years, 7 years or 10 years). Customers can deposit amounts starting from Rs 1000, for the relevant period, in the SBI Annuity Deposit Scheme. However, there is no upper limit on the maximum deposit amount in this scheme. The annuity payment of the scheme is to be on the date of the anniversary of the month, followed by the deposit month. If that date is non-existent, that is, 29th, 30th or 31st, the annuity payment will be made on the
---
Claim of Unclaimed Deposit Account Guidelines on Inoperative Accounts (10 Years & Above)/ Unclaimed Deposits Outstanding credit amount of any account in India with any bank which has not been operated upon for a period of ten years or any deposit or any amount remaining unclaimed for more than ten years shall be transferred to the Depositor Education and Awareness (DEA) Fund of RBI on the last working day of the subsequent month. The Customer / Survivor / Legal Heir/Authorized Signatories, as the case may be, may lodge a claim for the unclaimed deposit to activate the account. Customer may visit branch of SBI with all necessary KYC documents. If the customer wants to activate and continue operations in the account, the branch will accept the specific request from the customer and reactivate the account by obtaining proper KYC. In case of final claims and closure of account, branch will accept specific request from the customer to process accordingly. PROCEDURE FOR CLAIM Individual claim by customer- Customer may visit SBI branch with the request letter (in the given format) and submit valid proof of identity, address & latest photograph. On verification of the same, branch will make the account operative and allow transactions in the account. Claim by Legal Heir / Nominee The Legal Heir / Nominee may visit SBI Branch and submit the required documents. Customer would be required to comply with the claim settlement process of the Bank. Claim by Non-Individual The customer may submit the Claim Form on the Company’s/ Firm’s / Institution’s letterhead duly signed by the authorized signatories along with their valid identity and address proofs. The customer may also be required to submit additional documents as required by the Bank Unclaimed Deposits /Inoperative Accounts: Claim Form Date: From……………………. The Branch Manager State Bank of India, __________________Branch Dear Sir/ Madam, I/We the undersigned Mr./Mrs./Ms/_________________________________ the capacity of Self Nominee Legal Heir Others (please specify) request for settlement of claim, for Deposits account(s) held with your Bank in the name(s) of Mr./Mrs./Ms/Others_____________________________ Name Account No. and Other details: (with documentary proof) Name of Claimant(s) : Communication Address with PIN Code: DOB PAN No. Passport No. Tel/Mob.No. I/We understand that claim will be settled post due diligence and authentication of documents and in subject to bank's process & policy. I/We undertake to submit the document as may be necessary for the Bank to process the claims and agree to execute the required documents to settle the claim. Signature:____________ Name :____________ -------------------------------------------------------------------------------- Customer Acknowledgment slip (to be filled in by Bank official) Date: Received a request from Mr./Mrs./Ms.__________________________________for claiming Unclaimed Deposits/Inoperative Accounts. State Bank of India Signature of Bank Official with seal ___________________Branch Download Claim Form Last Updated On : Tuesday, 02-12-2025
---
the counters on request to the depositors or his authorized representative. - 18 - DBR-Master Circular on Customer Service in Banks 2015 5.7.4 Acceptance of cheques bearing a date as per National Calendar (Saka Samvat) for payment Government of India has accepted Saka Samvat as National Calendar with effect from 22 March 1957 and all Government statutory orders, notifications, Acts of Parliament, etc. bear both the dates i.e., Saka Samvat as well as Gregorian Calendar. An instrument written in Hindi having date as per Saka Samvat calendar is a valid instrument. Cheques bearing date in Hindi as per the National Calendar (Saka Samvat) should, therefore, be accepted by banks for payment, if otherwise in order. Banks can ascertain the Gregorian calendar date corresponding to the National Saka calendar in order to avoid payment of stale cheques. 5.7.5 Issue of Multicity / Payable at All Branches Cheques by CBS enabled Banks: In order to bring efficiency in the cheque clearing, all CBS enabled banks have been advised to issue only “payable at par” / “multi-city” CTS 2010 Standard cheques to all eligible customers without extra charges with appropriate Board approved risk management procedures based on risk categorization of accounts. Banks have been advised not to charge their savings bank account customers for issuance of CTS-2010 standard cheques when they are issued for the first time. 5.8 Term Deposit Account 5.8.1 Issue of term deposit receipt Bank should issue term deposit receipt indicating therein full details, such as, date of issue, period of deposit, due date, applicable rate of interest, etc. 5.8.2 Transferability of deposit receipts Term deposits should be freely transferable from one office of bank to another. 5.8.3 Disposal of deposits Advance instructions from depositors for disposal of deposits on maturity may be obtained in the application form itself. Wherever such instructions are not obtained, banks should ensure sending of intimation of impending due date of maturity well in advance to their depositors as a rule in order to extend better customer service. - 19 - DBR-Master Circular on Customer Service in Banks 2015 5.8.4 Notifying the change in interest rates Change in interest rate on deposits should be made known to customers as well as bank branches expeditiously. 5.8.5 Payment of interest on fixed deposit – Method of calculation of interest Indian Banks’ Association (IBA) Code for Banking Practice has been issued by IBA for uniform adoption by the member banks. The Code is intended to promote good banking practices by setting out minimum standards, which member banks should follow in their dealings with customers. IBA, for the purpose of calculation of interest on domestic term deposit, has prescribed that on deposits repayable in less than three months or where the terminal quarter is incomplete, interest should be paid proportionately for the actual number of days reckoning the year at 365 days. Some banks are adopting the method of reckoning the year at 366 days in a Leap year and 365 days in other years. While banks are free to adopt their methodology, they should provide information to their depositors about
---
Banks 2015 - 107 - Annex V (See Paragraph 5.13) To: The Branch Manager ____________________________________________ [Name of the Bank] ____________________________________________ [Name of the Branch]* ____________________________________________ [Name of the City] 1. Customer Information: Name of the Customer : Account No. : Debit Card / ATM Card No. : 2. ATM Information: ATM ID/Location, if ID is not available : Name of the ATM Bank : 3. Nature of the Complaints a) Complaint relating to Cash Withdrawal: Amount requested for withdrawal : [` ] Amount actually disbursed at ATM : [` ] Amount to the account debited : [` ] Date of transaction : [ ] (mm/dd/yy) Time of transaction : [ ] b) Card Capture by ATM : [ ] c) Other complaints : Date: / / Signature of the Card Holder Contact Tel/Mobile No. *(Name of the bank branch where cardholder account is maintained which is linked to ATM card) ------- X ------- Annex VI (Please see para 14.3.2) Illustrative but not Exhaustive List of Objections where Customers are not at Fault (Applicable for Instrument and Image-based Cheque Clearing as detailed in Annexure D to Uniform Regulations and Rules for Bankers' Clearing Houses) Code No. Reason for Return 33 Instrument mutilated; requires bank's guarantee Clearing House stamp / date required 35 36 Wrongly delivered / not drawn on us Present in proper zone 37 38 Instrument contains extraneous matter Image not clear; present again with paper 39 40 Present with document Item listed twice 41 42 Paper not received Crossed to two banks 60 61 Crossing stamp not cancelled Clearing stamp not cancelled 62 63 67 Instrument specially crossed to another bank Payee's endorsement irregular / requires collecting bank's confirmation 68 Endorsement by mark / thumb impression requires attestation by Magistrate with seal 70 Advice not received Amount / Name differs on advice 71 72 Drawee bank's fund with sponsor bank insufficient (applicable to sub members) 73 Payee's separate discharge to bank required Not payable till 1st proximo 74 75 Pay order requires counter signature Required information not legible / correct 76 80 81 Bank's certificate ambiguous / incomplete / required Draft lost by issuing office; confirmation required from issuing office 82 Bank / Branch blocked Digital Certificate validation failure 83 84 Other reasons-connectivity failure 'Payee's a/c Credited' - Stamp required 87 Bank excluded 92 - 108 - DBR-Master Circular on Customer Service in Banks 2015 Annex VII (Please see para 4.1.1) Basic Savings Bank Deposit Account – Frequently Asked Questions 1. Query Whether the guidelines issued on ‘no-frills’ account with 'nil' or very low minimum balances will continue even after the introduction of ‘Basic Savings Bank Deposit Account’? Response No. In supersession of instructions contained in circular DBOD.No.Leg. BC.44/09.07.005/2005-06 dated November 11, 2005 on No Frill accounts, banks have now been advised to offer a 'Basic Savings Bank Deposit Account' to all their customers vide DBOD.No.Leg.BC.35/09.07.005/2012-13 dated August 10, 2012, which will offer minimum common facilities as stated therein. Banks are required to convert the existing 'no-frills' accounts’ into 'Basic Savings Bank Deposit Accounts'. 2. Query Can an Individual have any
---
Deposits in this Scheme gives Tax benefits under section 80C of Income- tax Act,1961. Features Tenor: Minimum: 5 years - Maximum: 10 years. Quarterly compounded Interest. Lock-in period of 5 years. No Loans or advances against these deposits is allowed during lock in period. Term Deposit shall not be pledged to secure loan or as security to any other asset. Pre-mature payment is not allowed before the expiry of five (5) years from the date of its receipt except in case of death of depositor. Resident Indians for himself/ herself as an individual or in the capacity of the Karta of HUF having PAN. Interest Rate as applicable to Term Deposits. Minimum Deposit: Rs. 1,000/- or multiples thereof. Maximum Deposit: Not exceeding Rs. 1,50,000/- in a year. Type of account will be Term Deposit (TD) account / Special Term Deposit(STD). Nomination facility is available. In the event of death of first account holder in case of joint account, the other holder of the deposit shall be entitled to encash the deposit before its maturity/ within lock in period by making an application to the Branch, supported by proof of death of the first holder of the deposit. The deposit may be transferred from one branch, from which it has been issued, to another branch, on the depositor making an application, at either of the two branches. Term Deposit shall not be transferred to another Bank. Deposit Advice to be issued by the Branches on A4 size paper sheet and customer should be asked to affix his/her signature on the front of the A4 size paper sheet at a suitable place. Last Updated On : Monday, 01-12-2025
---
What are the tenures available for the SBI Annuity Deposit Scheme?
---
Q. What are the tenures available for the SBI Annuity Deposit Scheme?
---
Q. What documents are required to open an SBI savings account for minors?
---
What is the minimum and maximum investment amount in the SBI Annuity Deposit Scheme?
---
Eligibility for the SBI Annuity Deposit Scheme",0.7,0.8,0.65,0,1,0,0.0352,0.2179,0.1195,1,1,1,1,1,No,"The generated answer captures key aspects of the annuity deposit concept but diverges by discussing the customer request form, which is not part of the expected answer.","The answer correctly describes annuity deposits and their purpose but introduces details about a request form that are not explicitly outlined in the provided context.","Chunk 1 contains substantial relevant information about the SBI Annuity Deposit Scheme, while other chunks either focus on unrelated processes or raise unrelated questions.","The retrieved context lacks specific details on how the SBI Annuity Deposit works, including the core concept of depositing a lump sum and receiving monthly payouts, which are essential to answer the expected question.","The answer directly and completely explains what an annuity deposit is and details the customer request form related to it.",30940.9
