canonical,alias
advances related service charges,advances related service charges
advances related service charges,service charges on advances
advances related service charges,advance service charges
advances related service charges,charges related to advances
advances related service charges,02052025 advances related service charges w.e.f. 01.06.2025
advances related service charges,02052025 advances related service charges w e f 01 06 2025
advances related service charges,02052025 advances related service charges w.e.f. 01.06
advances related service charges,02052025 advances related service charges w e f 01 06
advances related service charges,02052025_Advances Related Service Charges w.e.f. 01.06.2025.pdf
advances related service charges,02052025_Advances Related Service Charges w.e.f. 01.06.2025
bank code / internal code reference,code1
bank code / internal code reference,code 1
bank code / internal code reference,bank code 1
bank code / internal code reference,internal code reference
bank code / internal code reference,code reference document
bank code / internal code reference,1214812824269 code1
bank code / internal code reference,1214812824269-Code1.pdf
bank code / internal code reference,1214812824269-Code1
policy on general management of branches,policy on general management of branches
policy on general management of branches,branch management policy
policy on general management of branches,general branch management policy
policy on general management of branches,management of branches
policy on general management of branches,200923 policy on general management of branches v4.0
policy on general management of branches,200923 policy on general management of branches v4 0
policy on general management of branches,200923 policy on general management of branches v4
policy on general management of branches,200923-Policy on General Management of Branches V4.0.pdf
policy on general management of branches,200923-Policy on General Management of Branches V4.0
annexure v operating instructions and guidelines for customers,annexure v operating instructions and guidelines for customers
annexure v operating instructions and guidelines for customers,operating instructions for customers
annexure v operating instructions and guidelines for customers,customer guidelines annexure v
annexure v operating instructions and guidelines for customers,instructions and guidelines for customers
annexure v operating instructions and guidelines for customers,260220 annexure v operating instructions and guidelines for customers
annexure v operating instructions and guidelines for customers,260220-Annexure V Operating Instructions and guidelines for Customers.pdf
annexure v operating instructions and guidelines for customers,260220-Annexure V Operating Instructions and guidelines for Customers
section 80e education loan deduction,80e deduction income tax act 1961 for education loan
section 80e education loan deduction,section 80e
section 80e education loan deduction,education loan tax deduction
section 80e education loan deduction,income tax act section 80e
section 80e education loan deduction,tax deduction for education loan
section 80e education loan deduction,80E Deduction Income Tax Act 1961 For Education Loan.txt
section 80e education loan deduction,80E Deduction Income Tax Act 1961 For Education Loan
abbreviations list,abbrevations
abbreviations list,abbreviations
abbreviations list,abbreviation list
abbreviations list,short forms list
abbreviations list,abbrevations.txt
salary package,all salary packager
salary package,all salary package
salary package,salary package
salary package,ALL Salary Packager.txt
salary package,ALL Salary Packager
additional kyc fatca crs individuals,annexure ii additional kyc fatca crs individuals
additional kyc fatca crs individuals,additional kyc fatca crs for individuals
additional kyc fatca crs individuals,fatca crs annexure ii
additional kyc fatca crs individuals,kyc fatca crs declaration
additional kyc fatca crs individuals,know your customer fatca crs
additional kyc fatca crs individuals,annexure--ii---additional-kyc-fatca-crs-(individuals).pdf
additional kyc fatca crs individuals,annexure--ii---additional-kyc-fatca-crs-(individuals)
annuity deposit,annuity deposit
annuity deposit,annuity investment
annuity deposit,annuity account deposit
annuity deposit,Annuity Deposit.txt
annuity deposit,Annuity Deposit
basic savings bank deposit account,basic savings bank deposit account
basic savings bank deposit account,bsbda
basic savings bank deposit account,basic savings deposit account
basic savings bank deposit account,no frills savings account
basic savings bank deposit account,basic account
basic savings bank deposit account,Basic Savings Bank Deposit Account ( BSBDA ).txt
basic savings bank deposit account,Basic Savings Bank Deposit Account ( BSBDA )
basic savings bank deposit account,basic savings bank deposit account bsbda
basic savings bank deposit account,no-frills account
basic savings bank deposit account,zero-balance basic savings account
central armed police salary package,central armed police salary package
central armed police salary package,capsp
central armed police salary package,central armed police forces salary package
central armed police salary package,salary package for central armed police
central armed police salary package,Central Armed Police Salary Package(CAPSP).txt
central armed police salary package,Central Armed Police Salary Package(CAPSP)
central armed police salary package,central armed police salary package capsp
cheque,cheque
cheque,check
cheque,bank cheque
cheque,cheque.txt
common faq,common faq
common faq,general faq
common faq,frequently asked questions
common faq,common FAQ.txt
common faq,common FAQ
core banking solutions,core banking solutions
core banking solutions,cbs
core banking solutions,core banking system
core banking solutions,centralized banking system
core banking solutions,core bacnking solutions (CBS).txt
core banking solutions,core bacnking solutions (CBS)
core banking solutions,core bacnking solutions cbs
customer request form,customer request form
customer request form,request form
customer request form,customer application form
customer request form,customer request form.txt
defence salary package,defence salary package
defence salary package,dsp
defence salary package,defense salary package
defence salary package,salary package for defence personnel
defence salary package,Defence Salary Package (DSP).txt
defence salary package,Defence Salary Package (DSP)
defence salary package,defence salary package dsp
deposit slip,deposit slip
deposit slip,pay in slip
deposit slip,cash deposit slip
deposit slip,deposit challan
deposit slip,Deposit Slip.txt
deposit slip,Deposit Slip
digilocker,digilocker
digilocker,digital locker
digilocker,e locker
digilocker,DigiLocker.txt
digilocker,DigiLocker
multi option deposits,e tdr
multi option deposits,e stdr
multi option deposits,tdr
multi option deposits,stdr
multi option deposits,e tdr or e stdr mod multi option deposits
multi option deposits,multi option deposit
multi option deposits,multi option deposit scheme
multi option deposits,mod
multi option deposits,mods
multi option deposits,e-TDR or e-STDR (MOD) Multi Option Deposits.txt
multi option deposits,e-TDR or e-STDR (MOD) Multi Option Deposits
electronic clearing service,electronic clearing service
electronic clearing service,ecs
electronic clearing service,ecs mandate
electronic clearing service,electronic clearing system
electronic clearing service,Electronic Clearing Service (ECS).txt
electronic clearing service,Electronic Clearing Service (ECS)
electronic clearing service,electronic clearing service ecs
electronic clearing service,ecs debit
exim and iec,exim export import code and iec importer exporter code
exim and iec,exim
exim and iec,export import code
exim and iec,iec
exim and iec,importer exporter code
exim and iec,EXIM ( Export Import Code) and IEC ( Importer Exporter Code ).txt
exim and iec,EXIM ( Export Import Code) and IEC ( Importer Exporter Code )
pension related faq,faq pension related
pension related faq,pension related faq
pension related faq,pension faq
pension related faq,retirement pension questions
pension related faq,FAQ - Pension Related.txt
pension related faq,FAQ - Pension Related
pension related faq,FAQ Pension Related.txt
pension related faq,FAQ Pension Related
car loan faq,faq car loan
car loan faq,car loan faq
car loan faq,vehicle loan faq
car loan faq,auto loan faq
car loan faq,FAQ Car Loan.txt
car loan faq,FAQ Car Loan
ckyc faq,faq ckyc
ckyc faq,ckyc faq
ckyc faq,central kyc faq
ckyc faq,customer kyc faq
ckyc faq,FAQ CKYC.txt
ckyc faq,FAQ CKYC
ckyc faq,central know your customer faq
code of banks commitment to micro and small enterprises faq,faq code of banks commitment to micro and small enterprises
code of banks commitment to micro and small enterprises faq,code of banks commitment to micro and small enterprises
code of banks commitment to micro and small enterprises faq,bcsme faq
code of banks commitment to micro and small enterprises faq,micro and small enterprises commitment code
code of banks commitment to micro and small enterprises faq,FAQ Code Of Banks Commitment To Micro And Small Enterprises.txt
code of banks commitment to micro and small enterprises faq,FAQ Code Of Banks Commitment To Micro And Small Enterprises
education loan faq,faq educational loan
education loan faq,education loan faq
education loan faq,educational loan faq
education loan faq,FAQ Educational Loan.txt
education loan faq,FAQ Educational Loan
loan against shares and debentures faq,faq loan against shares debentures
loan against shares and debentures faq,loan against shares and debentures faq
loan against shares and debentures faq,loan against securities faq
loan against shares and debentures faq,FAQ Loan Against Shares Debentures.txt
loan against shares and debentures faq,FAQ Loan Against Shares Debentures
personal loan faq,faq personal loan
personal loan faq,personal loan faq
personal loan faq,FAQ Personal Loan.txt
personal loan faq,FAQ Personal Loan
senior citizens savings scheme faq,faq scss senior citizens savings scheme
senior citizens savings scheme faq,scss faq
senior citizens savings scheme faq,senior citizens savings scheme faq
senior citizens savings scheme faq,senior citizen savings scheme faq
senior citizens savings scheme faq,FAQ SCSS Senior Citizens Savings Scheme.txt
senior citizens savings scheme faq,FAQ SCSS Senior Citizens Savings Scheme
sukanya samriddhi account faq,faq ssa sukanya samriddhi account
sukanya samriddhi account faq,sukanya samriddhi account faq
sukanya samriddhi account faq,ssa faq
sukanya samriddhi account faq,sukanya samriddhi yojana faq
sukanya samriddhi account faq,FAQ SSA Sukanya Samriddhi Account.txt
sukanya samriddhi account faq,FAQ SSA Sukanya Samriddhi Account
sukanya samriddhi account faq,ssa
sukanya samriddhi account faq,sukanya samriddhi yojana
sukanya samriddhi account faq,ssy
deceased accounts faq,faq deceased accounts
deceased accounts faq,deceased account faq
deceased accounts faq,accounts of deceased customer faq
deceased accounts faq,faq-deceased-accounts.txt
deceased accounts faq,faq-deceased-accounts
regular savings account faq,faqs regular savings account
regular savings account faq,regular savings account faq
regular savings account faq,savings account faq
regular savings account faq,FAQs - Regular Savings Account.txt
regular savings account faq,FAQs - Regular Savings Account
commercial loan faq,faqs on commercial loan
commercial loan faq,commercial loan faq
commercial loan faq,FAQs on Commercial Loan.txt
commercial loan faq,FAQs on Commercial Loan
udyam registration certificate faq,faqs on udyam registration certificate urc
udyam registration certificate faq,udyam registration certificate faq
udyam registration certificate faq,urc faq
udyam registration certificate faq,msme registration certificate faq
udyam registration certificate faq,FAQs on Udyam Registration Certificate (URC) .txt
udyam registration certificate faq,FAQs on Udyam Registration Certificate (URC)
fatca,fatca
fatca,foreign account tax compliance act
fatca,fatca full form meaning declaration rules compliance
fatca,"FATCA Full Form, Meaning, Declaration, Rules, Compliance.txt"
fatca,"FATCA Full Form, Meaning, Declaration, Rules, Compliance"
fatca,FATCA.txt
fatca,FATCA
fatca crs declaration form,fatca crs declaration form
fatca crs declaration form,fatca declaration form
fatca crs declaration form,fatca crs form
fatca crs declaration form,FATCA_CRS_Declaration_Form.pdf
fatca crs declaration form,FATCA_CRS_Declaration_Form
fatca crs individual declaration form,fatca crs individual declaration form
fatca crs individual declaration form,individual fatca crs declaration form
fatca crs individual declaration form,fatca individual declaration
fatca crs individual declaration form,FATCA_CRS_Individual_declaration_form.pdf
fatca crs individual declaration form,FATCA_CRS_Individual_declaration_form
form 121,form 121
form 121,Form 121.txt
form 121,Form 121
form 16,form 16
form 16,salary tds certificate
form 16,tax deduction certificate
form 16,Form 16.txt
form 16,Form 16
forms data english,forms data english
forms data english,english forms data
forms data english,forms catalog english
forms data english,Forms Data english.csv
forms data english,Forms Data english
msme faq,frequently asked questions msme
msme faq,frequently asked questions for msme
msme faq,msme faq
msme faq,micro small and medium enterprises faq
msme faq,FREQUENTLY ASKED QUESTIONS  MSME.txt
msme faq,FREQUENTLY ASKED QUESTIONS  MSME
msme faq,Frequently Asked Questions for MSME .txt
msme faq,Frequently Asked Questions for MSME
gold loan,gold loan
gold loan,loan against gold
gold loan,jewellery loan
gold loan,gold loan.txt
super bike loan,high end bike or super bike loan
super bike loan,high end bike loan
super bike loan,super bike loan
super bike loan,premium two wheeler loan
super bike loan,high end bike or super bike loan.txt
home loan eligibility,home loan eligibility
home loan eligibility,eligibility for home loan
home loan eligibility,housing loan eligibility
home loan eligibility,Home Loan eligibility.txt
home loan eligibility,Home Loan eligibility
home loan,home loan
home loan,housing loan
home loan,house loan
home loan,home loan.txt
home loan,housing finance
home loans,home loans
home loans,housing loans
home loans,home loan products
home loans,Home Loans.txt
home loans,Home Loans
cif number,how to get your cif number without going to bank
cif number,cif number
cif number,customer information file number
cif number,customer id number
cif number,How to get your CIF number without going to bank.txt
cif number,How to get your CIF number without going to bank
tax saving with sbi bank,how to save tax with sbi bank
tax saving with sbi bank,tax saving with sbi bank
tax saving with sbi bank,sbi tax savings
tax saving with sbi bank,How to save tax with SBI Bank.txt
tax saving with sbi bank,How to save tax with SBI Bank
ifsc and micr codes,ifsc and micr codes
ifsc and micr codes,ifsc code
ifsc and micr codes,micr code
ifsc and micr codes,bank branch code
ifsc and micr codes,IFSC and MICR codes.txt
ifsc and micr codes,IFSC and MICR codes
ifsc and micr codes,ifsc micr
ifsc and micr codes,branch identification codes
imps,immediate payment service
imps,imps
imps,instant payment service
imps,Immediate Payment Service or IMPS.txt
imps,Immediate Payment Service or IMPS
imps,immediate payment service or imps
imps,instant mobile payment service
indian coast guard salary package,indian coast guard salary package
indian coast guard salary package,icgsp
indian coast guard salary package,coast guard salary package
indian coast guard salary package,Indian Coast Guard Salary Package (ICGSP).txt
indian coast guard salary package,Indian Coast Guard Salary Package (ICGSP)
indian coast guard salary package,indian coast guard salary package icgsp
udyam registration instructions,instructions to fill udyam registration
udyam registration instructions,udyam registration instructions
udyam registration instructions,how to fill udyam registration
udyam registration instructions,INSTRUCTIONS TO FILL UDYAM REGISTRATION .txt
udyam registration instructions,INSTRUCTIONS TO FILL UDYAM REGISTRATION
interest rates on rupee deposits,interest rates on rupee deposits
interest rates on rupee deposits,rupee deposit interest rates
interest rates on rupee deposits,term deposit interest rates
interest rates on rupee deposits,Interest Rates on Rupee Deposits.txt
interest rates on rupee deposits,Interest Rates on Rupee Deposits
kisan credit card,kisan credit card
kisan credit card,kcc
kisan credit card,farmer credit card
kisan credit card,agriculture credit card
kisan credit card,Kisan Credit Card (KCC).txt
kisan credit card,Kisan Credit Card (KCC)
kisan credit card,kisan credit card kcc
letter of credit and bank guarantee,letter of credit lc and bank guarantee
letter of credit and bank guarantee,letter of credit
letter of credit and bank guarantee,lc
letter of credit and bank guarantee,bank guarantee
letter of credit and bank guarantee,Letter of Credit ( LC) and Bank Guarantee.TXT
letter of credit and bank guarantee,Letter of Credit ( LC) and Bank Guarantee
life insurance faq,life insurance faq
life insurance faq,insurance faq
life insurance faq,Life Insurance FAQ.txt
life insurance faq,Life Insurance FAQ
loan against time deposit,loan against time deposit
loan against time deposit,loan against fixed deposit
loan against time deposit,lap against term deposit
loan against time deposit,loan against tdr
loan against time deposit,Loan Against Time Deposit.md
loan against time deposit,Loan Against Time Deposit
loan against time deposit,loan against fd
loan against time deposit,loan against term deposit
loan origination system,loan origination system
loan origination system,los
loan origination system,loan processing system
loan origination system,Loan Origination System(LOS) .txt
loan origination system,Loan Origination System(LOS)
loan origination system,loan origination system los
maintenance of deposit accounts,maintainance of deposit accounts
maintenance of deposit accounts,maintenance of deposit accounts
maintenance of deposit accounts,deposit account maintenance
maintenance of deposit accounts,maintainance of deposit accounts.txt
master circular on customer service in banks,master circular on customer service in banks
master circular on customer service in banks,customer service master circular
master circular on customer service in banks,bank customer service circular
master circular on customer service in banks,Master Circular on Customer Service in Banks.txt
master circular on customer service in banks,Master Circular on Customer Service in Banks
master circular,master circular
master circular,Master Circular.pdf
master circular,Master Circular
modes of operation of accounts,modes of operation of accounts
modes of operation of accounts,account operating instructions
modes of operation of accounts,mode of operation
modes of operation of accounts,modes of operation of accounts.txt
multi option deposit scheme,multi option deposit scheme
multi option deposit scheme,mods
multi option deposit scheme,mod scheme
multi option deposit scheme,multi option deposits
multi option deposit scheme,Multi Option Deposit Scheme (MODS).txt
multi option deposit scheme,Multi Option Deposit Scheme (MODS)
multi option deposit scheme,multi option deposit scheme mods
multi product sales team,multi product sales team
multi product sales team,mpst
multi product sales team,Multi Product Sales Team (MPST).md
multi product sales team,Multi Product Sales Team (MPST)
multi product sales team,multi product sales team mpst
nach form,nach form
nach form,nach mandate form
nach form,national automated clearing house form
nach form,nach form.pdf
national automated clearing house facility,national automated clearing house
national automated clearing house facility,nach
national automated clearing house facility,nach facility
national automated clearing house facility,electronic mandate facility
national automated clearing house facility,National Automated Clearing House (NACH) Facility.txt
national automated clearing house facility,National Automated Clearing House (NACH) Facility
national automated clearing house facility,national automated clearing house nach facility
national automated clearing house facility,nach mandate
national automated clearing house facility,nach auto debit
other forms data,other forms data
other forms data,forms data
other forms data,forms catalog
other forms data,other forms data.csv
overdraft,overdraft
overdraft,od
overdraft,overdraft account
overdraft,Overdraft (OD).txt
overdraft,Overdraft (OD)
overdraft,overdraft od
overdraft loan,overdraft loan
overdraft loan,od loan
overdraft loan,loan against overdraft
overdraft loan,Overdraft Loan.txt
overdraft loan,Overdraft Loan
pension and ppo,pension and ppo
pension and ppo,ppo
pension and ppo,pension payment order
pension and ppo,pension and PPO.txt
pension and ppo,pension and PPO
form details english,plan formbot sbi formdetailsenglish
form details english,form details english
form details english,english form details
form details english,Plan_Formbot_SBI - FormDetailsEnglish.csv
form details english,Plan_Formbot_SBI - FormDetailsEnglish
pm svanidhi scheme,pm svanidhi scheme guidelines
pm svanidhi scheme,pm svanidhi
pm svanidhi scheme,pradhan mantri street vendor's atma nirbhar nidhi
pm svanidhi scheme,pradhan mantri street vendor s atma nirbhar nidhi
pm svanidhi scheme,street vendor loan scheme
pm svanidhi scheme,PM SVANidhi Scheme Guidelines.pdf
pm svanidhi scheme,PM SVANidhi Scheme Guidelines
pm svanidhi scheme,street vendor loan
pm svanidhi scheme,pradhan mantri street vendor atma nirbhar nidhi
para military salary package,pmsp para military salary package
para military salary package,pmsp
para military salary package,para military salary package
para military salary package,PMSP Para Military Salary Package.txt
para military salary package,PMSP Para Military Salary Package
police salary package,police salary package
police salary package,psp
police salary package,salary package for police
police salary package,Police Salary Package (PSP).txt
police salary package,Police Salary Package (PSP)
police salary package,police salary package psp
post dated cheque,post dated cheque
post dated cheque,pdc
post dated cheque,"Post Dated Cheque,txt"
post dated cheque,post dated cheque txt
post office savings account,post office savings account
post office savings account,india post savings account
post office savings account,postal savings account
post office savings account,Post Office savings account.txt
post office savings account,Post Office savings account
pradhan mantri mudra yojana,pradhan mantri mudra yojana
pradhan mantri mudra yojana,pmmy
pradhan mantri mudra yojana,mudra yojana
pradhan mantri mudra yojana,mudra loan
pradhan mantri mudra yojana,Pradhan Mantri Mudra Yojana ( PMMY ).txt
pradhan mantri mudra yojana,Pradhan Mantri Mudra Yojana ( PMMY )
pradhan mantri mudra yojana,pradhan mantri mudra yojana pmmy
proforma invoice,proforma invoice
proforma invoice,preliminary invoice
proforma invoice,quotation invoice
proforma invoice,Proforma Invoice.txt
proforma invoice,Proforma Invoice
public provident fund,public provident fund
public provident fund,ppf
public provident fund,ppf account
public provident fund,Public Provident Fund.txt
public provident fund,Public Provident Fund
public provident fund,public provident fund account
real time gross settlement,real time gross settlement
real time gross settlement,rtgs
real time gross settlement,high value fund transfer
real time gross settlement,Real Time Gross Settlement (RTGS).txt
real time gross settlement,Real Time Gross Settlement (RTGS)
real time gross settlement,real time gross settlement rtgs
real time gross settlement,rtgs transfer
real time gross settlement,real-time gross settlement
recurring deposit,recurring deposit
recurring deposit,rd
recurring deposit,reinvestment deposit
recurring deposit,Recurring Deposit.txt
recurring deposit,Recurring Deposit
retail loan management system,retail loan management system
retail loan management system,rlms
retail loan management system,sbi rlms
retail loan management system,retail lending management system
retail loan management system,Retail Loan Management System (SBI RLMS).md
retail loan management system,Retail Loan Management System (SBI RLMS)
retail loan management system,retail loan management system sbi rlms
real time express credit,rtxc
real time express credit,real time express credit
real time express credit,express credit
real time express credit,RTXC(Real Time Express Credit).txt
real time express credit,RTXC(Real Time Express Credit)
real time express credit,rtxc real time express credit
savings bank rules,savings bank rules
savings bank rules,sb rules
savings bank rules,savings account rules
savings bank rules,SAVINGS BANK RULES.txt
savings bank rules,SAVINGS BANK RULES
sbi agriculture loan 2026,sbi agriculture loan 2026
sbi agriculture loan 2026,agriculture loan
sbi agriculture loan 2026,sbi farm loan
sbi agriculture loan 2026,SBI Agriculture Loan 2026.txt
sbi agriculture loan 2026,SBI Agriculture Loan 2026
sbi certified pre owned car loan,sbi certified pre owned car loan
sbi certified pre owned car loan,pre owned car loan
sbi certified pre owned car loan,used car loan
sbi certified pre owned car loan,certified pre owned vehicle loan
sbi certified pre owned car loan,SBI Certified Pre Owned Car Loan.txt
sbi certified pre owned car loan,SBI Certified Pre Owned Car Loan
sbi code,sbi code
sbi code,bank sbi code
sbi code,sbi reference code
sbi code,SBI code.txt
sbi code,SBI code
sbi demand draft charges and cancellation fees,sbi dd charges and cancellation fees
sbi demand draft charges and cancellation fees,demand draft charges
sbi demand draft charges and cancellation fees,dd charges
sbi demand draft charges and cancellation fees,dd cancellation fees
sbi demand draft charges and cancellation fees,SBI DD Charges and Cancellation Fees.txt
sbi demand draft charges and cancellation fees,SBI DD Charges and Cancellation Fees
sbi demand draft,sbi demand draft
sbi demand draft,dd
sbi demand draft,bank draft
sbi demand draft,demand draft
sbi demand draft,SBI Demand Draft (DD).txt
sbi demand draft,SBI Demand Draft (DD)
sbi demand draft,sbi demand draft dd
sbi demand draft,bank dd
sbi demand draft,draft
sbi education loan,sbi education loan
sbi education loan,education loan
sbi education loan,student loan
sbi education loan,SBi education loan.txt
sbi education loan,SBi education loan
sbi education loan,sbi student loan
sbi education loan,student education loan
sbi green car loan,sbi green car loan
sbi green car loan,electrical vehicle loan
sbi green car loan,ev loan
sbi green car loan,electric vehicle loan
sbi green car loan,SBI Green Car Loan (Electrical Vehicle Loan ).txt
sbi green car loan,SBI Green Car Loan (Electrical Vehicle Loan )
sbi green car loan,sbi green car loan electrical vehicle loan
sbi loyalty car loan,sbi loyalty car loan
sbi loyalty car loan,vehicle loan scheme and interest rates for auto loan
sbi loyalty car loan,loyalty car loan
sbi loyalty car loan,SBI Loyalty Car Loan (Vehicle Loan) Scheme and interest rates for auto load.txt
sbi loyalty car loan,SBI Loyalty Car Loan (Vehicle Loan) Scheme and interest rates for auto load
sbi loyalty car loan,sbi loyalty car loan vehicle loan scheme and interest rates for auto load
sbi new car loan,sbi new car or vehicle loan
sbi new car loan,new car loan
sbi new car loan,vehicle loan
sbi new car loan,SBI New Car or Vehicle Loan.txt
sbi new car loan,SBI New Car or Vehicle Loan
sbi personal loan,sbi personal loan
sbi personal loan,personal loan
sbi personal loan,SBI Personal Loan.txt
sbi personal loan,SBI Personal Loan
sbi savings account interest rate,sbi savings account interest rate december 2025
sbi savings account interest rate,sbi savings rate
sbi savings account interest rate,savings account interest rate
sbi savings account interest rate,SBI Savings Account Interest Rate (December 2025).txt
sbi savings account interest rate,SBI Savings Account Interest Rate (December 2025)
sbi auto loan terms and conditions,sbi auto loan most important terms and conditions
sbi auto loan terms and conditions,auto loan terms and conditions
sbi auto loan terms and conditions,vehicle loan terms and conditions
sbi auto loan terms and conditions,SBI – Auto Loan MOST IMPORTANT TERMS AND CONDITIONS.pdf
sbi auto loan terms and conditions,SBI – Auto Loan MOST IMPORTANT TERMS AND CONDITIONS
sbi auto loan terms and conditions,vehicle loan tc
sbi auto loan terms and conditions,car loan terms
sbicap securities limited,sbicap securities limited
sbicap securities limited,ssl
sbicap securities limited,sbi cap securities
sbicap securities limited,SBICAP Securities Limited (SSL).md
sbicap securities limited,SBICAP Securities Limited (SSL)
sbicap securities limited,sbicap securities limited ssl
senior citizens savings scheme,senior citizens savings scheme
senior citizens savings scheme,scss
senior citizens savings scheme,senior citizen savings scheme
senior citizens savings scheme,SENIOR CITIZENS' SAVINGS SCHEME.txt
senior citizens savings scheme,SENIOR CITIZENS' SAVINGS SCHEME
senior citizens savings scheme,senior citizen deposit scheme
senior citizens savings scheme,retirement savings scheme
ssa versus ppf,ssa versus ppf
ssa versus ppf,sukanya samriddhi account versus ppf
ssa versus ppf,comparision of ssa and ppf
ssa versus ppf,SSA versus PPF.txt
ssa versus ppf,SSA versus PPF
ssa,ssa
ssa,sukanya samriddhi account
ssa,sukanya samriddhi yojana
ssa,SSA.txt
ssa,SSA
tan,tan or tax deduction and collection account number
tan,tan
tan,tax deduction and collection account number
tan,TAN or Tax Deduction and Collection Account Number.txt
tan,TAN or Tax Deduction and Collection Account Number
tan,tax deduction account number
tax benefits on a home loan,tax benefits on a home loan
tax benefits on a home loan,home loan tax benefits
tax benefits on a home loan,tax savings on home loan
tax benefits on a home loan,Tax benefits on a Home Loan.txt
tax benefits on a home loan,Tax benefits on a Home Loan
tax free bonds,tax free bonds
tax free bonds,tax exempt bonds
tax free bonds,Tax free bonds.txt
tax free bonds,Tax free bonds
tax identification number,tax identification number
tax identification number,tin
tax identification number,taxpayer identification number
tax identification number,Tax Identification Number or TIN.txt
tax identification number,Tax Identification Number or TIN
tax identification number,tax identification number or tin
tax identification number,Taxpayer Identification Number (TIN).md
tax identification number,Taxpayer Identification Number (TIN)
tax identification number,taxpayer identification number tin
tax identification number,tin number
tax structure india,tax structure india
tax structure india,india tax structure
tax structure india,Tax structure India.txt
tax structure india,Tax structure India
term loan and demand loan,term loan tl demand loan dl loans to business
term loan and demand loan,term loan
term loan and demand loan,tl
term loan and demand loan,demand loan
term loan and demand loan,dl
term loan and demand loan,business term loan
term loan and demand loan,Term Loan (TL) Demand Loan(DL) loans to buisness.txt
term loan and demand loan,Term Loan (TL) Demand Loan(DL) loans to buisness
term loan and demand loan,term loan tl demand loan dl loans to buisness
term loan and demand loan,working capital term loan
term loan and demand loan,business demand loan
sbi terms of service,terms of service sbi
sbi terms of service,sbi terms of service
sbi terms of service,terms and conditions sbi
sbi terms of service,terms of service SBI.rxt
sbi terms of service,terms of service SBI
nre fd tax impact,the impact of sbi nre fd rates on your tax return
nre fd tax impact,nre fd tax impact
nre fd tax impact,nre fixed deposit tax return impact
nre fd tax impact,The Impact of SBI's NRE FD Rates on Your Tax Return.txt
nre fd tax impact,The Impact of SBI's NRE FD Rates on Your Tax Return
nre fd tax impact,the impact of sbi s nre fd rates on your tax return
public provident fund scheme 1968,the public provident fund scheme 1968
public provident fund scheme 1968,ppf scheme 1968
public provident fund scheme 1968,public provident fund scheme
public provident fund scheme 1968,"THE PUBLIC PROVIDENT FUND SCHEME, 1968.txt"
public provident fund scheme 1968,"THE PUBLIC PROVIDENT FUND SCHEME, 1968"
udyam assist platform,udyam assist platform
udyam assist platform,uap
udyam assist platform,Udyam Assist Platform.txt
udyam assist platform,Udyam Assist Platform
udyam registration certificate,udyam registration certificate urc or msme registration certificate
udyam registration certificate,udyam registration certificate
udyam registration certificate,urc
udyam registration certificate,msme registration certificate
udyam registration certificate,Udyam Registration Certificate ( URC ) or MSME Registration certificate.txt
udyam registration certificate,Udyam Registration Certificate ( URC ) or MSME Registration certificate
udyam registration certificate,msme urc
udyam registration certificate,udyam certificate
udyam registration certificate duplicate,udyam registration certifiicate urc
udyam registration certificate duplicate,udyam registration certificate duplicate
udyam registration certificate duplicate,urc duplicate
udyam registration certificate duplicate,Udyam Registration Certifiicate (URC).txt
udyam registration certificate duplicate,Udyam Registration Certifiicate (URC)
withdrawal slip,withdrawl slip
withdrawal slip,withdrawal slip
withdrawal slip,cash withdrawal slip
withdrawal slip,withdrawl slip.txt
zero defect zero effect,zero defect zero effect
zero defect zero effect,zed
zero defect zero effect,ZERO Defect ZERO Effect ( ZED ).txt
zero defect zero effect,ZERO Defect ZERO Effect ( ZED )
zero defect zero effect,zero defect zero effect zed
