Category (Health/Education etc),Name of Department/Agency which manages this scheme,Name,Eligibility,Benificiary,Required documents,Mode of application (Online/Offline),"Details of application process (if online, povide the relevant links and other details; if offline, provide details of how an eligible person can apply, sample form/scan image of form etc.)",Offering,Level (Central/State/District/Block),Online availability (Yes/No),Common/Uncommon,Govt/Semi govt.,Hard copy form necessity (Yes/No),What is the soure of this information?,Required Form(Online/Offline),Application site link
Health,BBMP Health Department (Statistical Section),Application for Birth Certificate,"Eligibility for Form F-110/I-110 is restricted to the individual (adult), their parents, or the authorized head of household/medical officer who registered the birth.",The child named on the record and their parents or legal guardians are the primary beneficiaries of this application.,"To file Form F-110, you need the hospital birth report, parents' ID cards (Aadhaar/Voter ID), and address proof of the residence.",Online & Offline,"Apply online via the Seva Sindhu portal or eJanMa, or offline by submitting Form F-110 with a hospital discharge summary at a BBMP Ward Office or BangaloreOne center.","The form provides an official Birth Certificate, serving as legal proof of identity for school admissions, passports, government schemes, and inheritance rights.",State Level,Yes,Common,Govt,No,https://sevasindhu.karnataka.gov.in/ & https://ejanma.karnataka.gov.in/,Online & Offline ,https://ejanma.karnataka.gov.in/Documents/Forms/1_Birth%20Report%20Form-1.pdf
Vital Statistics / Civil Registration,"Planning, Programme Monitoring, and Statistics Department",Child Adoption Form,Eligibility is restricted to legally adoptive parents or authorized agencies possessing a valid court adoption order or a registered adoption deed.,"The beneficiaries are the adopted child, who receives a legal birth certificate with their new identity, and the adoptive parents, who gain official recognition of their parental rights.","You must register on the CARA portal with identity, address, income, and medical proofs, as private adoptions are illegal.",Online,Register online via the CARINGS Portal by filling out Schedule VI and uploading mandatory documents; no offline registration is permitted.,"Offers full legal parental rights, a new birth certificate, 12–26 weeks of paid adoption leave, and access to transparent medical and background reports of the child.",Central ,Yes,Common,Govt,Yes,https://cara.wcd.gov.in/,Online ,https://ejanma.karnataka.gov.in/Documents/Forms/1_Child%20Adoption%20Form-1A.pdf
Vital Statistics / Civil Registration,"Planning, Programme Monitoring and Statistics Department",Death Report Form,"Eligibility is restricted to the head of the household, the nearest relative present at the time of death, or the medical officer in charge if the death occurred in a hospital","The beneficiaries are the legal heirs and immediate family members who use the certificate for insurance claims, bank settlements, and property transfers.","Medical Certificate of Cause of Death, the Deceased’s ID (Aadhaar/Voter ID), the informant's ID, and the cremation/burial receipt.",Offline ,Register online via eJanMa through the hospital or offline by submitting Form No. 2 with a cremation receipt at the BBMP Ward Office or Village Accountant.,"It provides an official Death Certificate required for insurance claims, settling property inheritance, closing bank accounts, and claiming family pensions.",State Level,Yes,Common,Govt,Yes,https://ejanma.karnataka.gov.in/ & https://sevasindhu.karnataka.gov.in/,Online & Offline ,https://ejanma.karnataka.gov.in/Documents/Forms/2_Death%20Report%20Form-2.pdf
Vital Statistics / Civil Registration,"Planning, Programme Monitoring, and Statistics Department",Still Birth Report Form,Eligibility is restricted to the Medical Officer for hospital occurrences or the head of the household (or nearest relative) for home deliveries.,"The parents or legal guardians are the beneficiaries, using the record for legal closure, maternity benefits, or government insurance claims.","To file Form No. 3, you need the Still Birth Certificate (from a doctor/hospital), parents' ID cards (Aadhaar/Voter ID), and address proof.",Online & Offline,Register online via eJanMa through the hospital or offline by submitting Form No. 3 with a medical certificate at a BBMP Ward Office or Village Accountant.,"The offering is an official Still Birth Certificate, which provides legal documentation of the event, allows for maternity leave/benefits, and completes government vital records.",State Level,Yes,Common,Govt,No,https://ejanma.karnataka.gov.in   & https://sevasindhu.karnataka.gov.in/,Online & Offline ,https://ejanma.karnataka.gov.in/Documents/Forms/3_Still%20Birth%20Form-3.pdf
Health and Vital Statistics,Department of Health and Family Welfare,Medical Certificate of Cause of Death (Institutional),Eligibility for Form No. 4 is strictly limited to the attending Medical Practitioner or the Institutional In-charge who treated the deceased at the hospital.,"The legal heirs and immediate family members are the beneficiaries, as this certificate is the mandatory prerequisite for obtaining an official Death Certificate.","To obtain Form No. 4, you need the hospital admission records, the deceased's ID (Aadhaar/Voter ID), and the informant's ID.",Offline ,The hospital registers the medical cause online via eJanMa or issues a signed physical Form 4 to the family for submission at the BBMP Ward Office,"The offering is the Medical Certificate of Cause of Death (MCCD), which serves as the mandatory legal proof required to generate a Death Certificate and settle life insurance claims.",State Level,Yes,Common ,Govt,No,https://ejanma.karnataka.gov.in/ & https://sevasindhu.karnataka.gov.in/,Online & Offline ,https://karnataka.census.gov.in/MCCD/1.Form%204%20Institutional%20Death-kannada.pdf
Health and Vital Statistics,"Planning, Programme Monitoring and Statistics Department ",Medical Certificate of Cause of Death (Non-Institutional),Eligibility for Form 4A is restricted to the Registered Medical Practitioner (RMP) who attended to the deceased during their last illness at home.,"The legal heirs and immediate family members are the beneficiaries, as this certificate is the mandatory legal proof required to obtain an official Death Certificate for home deaths.","To file Form 4A, you need the deceased's ID (Aadhaar/Voter ID), medical history/treatment records, and the doctor’s registration certificate number",Offline ,Submit the signed Form 4A from the attending doctor along with Form 2 and the cremation receipt to your local BBMP Ward Office or Village Accountant.,"The offering is an official Medical Certificate of Cause of Death (Non-Institutional), which is the mandatory legal prerequisite to register a home death and obtain a Death Certificate",State Level,Yes,Common ,Govt,Yes,https://ejanma.karnataka.gov.inn & https://sevasindhu.karnataka.gov.in/ & https://karnataka.census.gov.in/mccdinformation.php,Offline,https://karnataka.census.gov.in/MCCD/2.Form-4A%20Non-Institutional%20Death-kannada.pdf
Revenue and Registration, Department of Stamps and Registration,Form 1: Memorandum of Marriage (Registration).,"The eligibility for Form 1 requires the groom to be 21+, the bride 18+, both to be Hindus/Sikhs/Jains/Buddhists, and the marriage to have been already solemnised within the registrar's jurisdiction.","The beneficiaries are the husband and wife, who receive legal recognition of their marriage for securing passports, visas, inheritance rights, and joint financial benefits.","Required documents include Age Proof (Birth Certificate/SSLC), Address Proof (Aadhaar/Voter ID), Marriage Proof (Invitation Card/Photos), and ID Proofs for three witnesses.",Online & Offline,"Register online via the Kaveri 2.0 portal, upload documents, pay fees, then personally visit the Sub-Registrar's Office with witnesses for final verification and signatures.","The offerings include official legal status, a government marriage certificate, and the ability to update passports, visas, bank accounts, and inheritance records.",State Level,No,Common,Govt,Yes,http://kaveri.karnataka.gov.in/,Offline ,obtain a physical copy of Form 1 (Memorandum of Marriage) in Kannada directly from local Sub-Registrar’s Office
Transport and Communication,"Transport Department, Government of Karnataka",Application for the Grant of Learner’s Licence,"Eligibility requires being 16+ years (non-gear) or 18+ years (gear/LMV), passing a traffic rules test, and providing age and address proof.",The beneficiary is any eligible individual seeking legal authorization to learn how to drive a motor vehicle on public roads under supervision.,"Required documents include Age Proof (Aadhaar/SSLC), Address Proof (Voter ID/Passport), Medical Fitness Form (1/1A), and Passport-size photographs.",Online & Offline,"Apply online via the Parivahan Sarathi Portal using Aadhaar for a faceless process, or book an RTO appointment for physical document verification and a computer-based traffic rules test","The primary offering of Form 2 (CMV-2) is the legal permit to practice driving on public roads for 6 months, which is a mandatory prerequisite for obtaining a permanent Driving Licence.",State Level,Yes,Common ,Govt,No,transport.karnataka.gov.in & sarathi.parivahan.gov.in,Online & Offline,https://transport.karnataka.gov.in/storage/pdf-files/Forms%20related%20to%20driving%20license%20in%20Kannada/CMV%202.pdf
Identity and Civil Documentation.,Unique Identification Authority of India (UIDAI),Aadhaar Enrolment/Update Form (5 to 18 years),"Eligibility for Form 3 includes any resident or NRI child between the ages of 5 and 18 years who needs a new Aadhaar or a mandatory biometric update.",The beneficiary is any resident or NRI child between the ages of 5 and 18 years who requires a new Aadhaar enrollment or a mandatory biometric update.,"To apply using Form 3, you need the child's Birth Certificate, a School ID/Certificate, and the parent's Aadhaar for address and relationship proof.",Offline ,"Visit an Aadhaar Seva Kendra with the child, submit the filled Form 3 with a Birth Certificate and School ID, and complete the biometric capture.","For children aged 5 to 18, Form 3 provides a legal identity (Aadhaar number), a digital identity card, and mandatory biometric updates (at ages 5 and 15) required to keep the ID active.",Central ,No,Common ,Govt,Yes,"The information is sourced directly from the Unique Identification Authority of India (UIDAI), the statutory authority under the Ministry of Electronics and Information Technology (MeitY)",Online & Offline,https://drive.google.com/file/d/1gxu21n6qgzvryEqmd0mvEPWq54j828l0/view?usp=sharing
Health,Suvarna Arogya Suraksha Trust (SAST),Annexure-1 (Form-A): Beneficiary Enrollment Form,"Active Karnataka State Government employees (HRMS-enrolled) and their dependent family members are eligible, excluding police and judicial officers covered by other schemes.","Active Karnataka State Government employees and their dependent spouse, parents, and unmarried children (sons up to 30 years) are the beneficiaries.","Submit the Aadhaar cards of the employee and dependents, HRMS/KGID details, and an income certificate for parents (if applicable).",Online & Offline,"Register on the KASS Mobile App or HRMS portal, then submit the signed, printed Form A in duplicate to your DDO.","The scheme offers cashless medical treatment for listed procedures at empanelled hospitals, covering the employee and their eligible dependents for both planned and emergency care.",State Level,Yes,Common ,Govt,Yes,https://sast.karnataka.gov.in/sast/English/ & https://kass.karnataka.gov.in/en,Online & Offline,https://drive.google.com/file/d/1klUEDlPtPdJ4KbDK_A6vH8FUEgX1OxKC/view?usp=sharing
Economic Empowerment / Livelihood Support.,Ministry of Housing and Urban Affairs (MoHUA),Annexure 1A (Common Loan Application Form,"Street vendors (urban/peri-urban/rural) who were vending on or before March 24, 2020, and possess a Certificate of Vending (CoV) or Letter of Recommendation ","Individual Street Vendors (including those selling vegetables, fruits, ready-to-eat street food, tea, bread, eggs, apparel, artisan products, etc.)","You need your Aadhaar Card, Vending Certificate (CoV/ID/LoR), and an Aadhaar-linked Bank Passbook.",Online & Offline,"Register on the PM SVANidhi portal with an Aadhaar-OTP, fill Annexure 1A with vending details, and choose your preferred lending bank.","A collateral-free working capital loan of ₹10,000 (1st tranche), ₹20,000 (2nd), and ₹50,000 (3rd), with a 7% interest subsidy for timely repayment.",Central ,Yes,Common ,Govt,No,https://pmsvanidhi.mohua.gov.in/,Online & Offline,https://drive.google.com/file/d/15ji5069m_caNQSjLgn3egbiCrBsCbzjJ/view?usp=sharing
Health / Medical Insurance, Department of Health and Family Welfare,"Name of the Scheme: Karnataka Arogya Sanjeevini Scheme (KASS)
Name of the Form: Appendix-1 Form A (Beneficiary Enrollment Form)",Active Karnataka State Government employees (HRMS-enrolled) and their dependent family members (excluding Police and Judicial officers covered by separate schemes).,"The Government Employee, their Spouse, Parents (income < ₹17,000/month), and unmarried children (sons up to 30 years).","Aadhaar cards for all members, KGID/HRMS ID, Passport photos, and an Income Certificate for dependent parents",Online & Offline,"Register dependents on the KASS App/HRMS, print the generated Form A, and submit it in duplicate to your DDO",Cashless medical treatment in empanelled private and government hospitals for the employee and their entire family.,State Level,Yes,Common ,Govt,Yes,https://kass.karnataka.gov.in/42/beneficiary-enrolment/en,Online & Offline,https://drive.google.com/file/d/1Rlw1InIfO08nN4YjSbTWsm0v-nwGtmyx/view?usp=sharing
Banking / Financial Services.,Department of Posts (DoP),"Name of the Scheme: Post Office Savings Account (POSA)
Name of the Form: Form SB-AOF (Account Opening Form) or Form SB-3","Any Indian citizen (individual, joint, or on behalf of a minor above 10 years)",Individuals (Single or Joint accounts) and Minors," Duly filled Application Form, KYC form, Aadhaar card, PAN card, and two passport-sized photographs",Online & Offline,"Visit the nearest Post Office, submit the Account Opening Form and KYC documents, and make a minimum initial deposit of ₹500.","A secure savings account with a 4% annual interest rate, ATM card facility, and cheque book.",Central ,No,Common ,Govt,Yes,India Post official website and National Savings Institute,Online & Offline,https://drive.google.com/file/d/19kqPyIefbQ9l_T8y4kilcUs9EYoWQxh4/view?usp=sharing
Land Revenue / Real Estate.,Revenue Department,Bhoomi Online / Kaveri 2.0," Any owner or occupant of land held for agricultural purposes who wishes to use it for non-agricultural purposes (residential, commercial, industrial, etc.).",Landowners seeking legal permission for land-use diversion.,"RTC (Record of Rights), Title Deed, Revenue Survey Map, Atlas of the land, and Nil Encumbrance Certificate.",Online," Submit an affidavit and application via the Bhoomi portal, pay the prescribed conversion fine, and obtain the conversion order from the Deputy Commissioner."," Legal authorization to convert agricultural land for non-agricultural use, often with deemed approval if not processed within 30–45 days under recent 2022/2023 amendments",State Level,Yes,Common ,Govt,No,http://www.dtcp.gov.in/en/conversion-of-land,,https://cdn.s3waas.gov.in/s33621f1454cacf995530ea53652ddf8fb/uploads/2020/12/2020122845.pdf
Transport and Communication,"Transport Department, Government of Karnataka","Driving License or Addition of new class of vehicle or
Renewal of Driving license or Change of Address or Change of Name","Eligibility requires being 16+ years (non-gear) or 18+ years (gear/LMV), passing a traffic rules test, and providing age and address proof.","The beneficiary is any eligible citizen (student, professional, or driver) who gains the legal right to learn driving on public roads under the supervision of a licensed driver","Required documents include Age Proof (Aadhaar/SSLC), Address Proof (Voter ID/Passport), Medical Fitness Form (1/1A), and Passport-size photographs.",Online & Offline,"Apply online via the Parivahan Sarathi Portal using Aadhaar for a faceless process, or book an RTO appointment for physical document verification and a computer-based traffic rules test.","The offering is a legal permit to practice driving on public roads for 6 months, providing the mandatory foundation to apply for a permanent Driving Licence.",State Level,Yes,Common,Govt,No,transport.karnataka.gov.in & sarathi.parivahan.gov.in,Online & Offline ,https://transport.karnataka.gov.in/storage/pdf-files/form%201%20kannada.pdf
Transport and Communication,"Transport Department, Government of Karnataka",Application for Licence to Drive,"Eligibility requires holding a valid Learner's Licence for at least 30 days, being 18+ years old (20+ for transport), and passing a physical driving skill test at the RTO.","The beneficiary is any eligible individual who has completed their learner's period and seeks a permanent, legal right to drive motor vehicles on public roads across India.","Required documents include your Original Learner's Licence, Medical Form (1/1A), and the RC, Insurance, and PUC of the vehicle used for the driving test",Online & Offline,"Apply online via the Parivahan Sarathi Portal, pay the Smart Card fee, and book an appointment for a physical driving skill test at your local RTO.","The offering is a permanent, legal license to operate a motor vehicle on public roads across India for up to 20 years (or until age 40), serving as a high-security Government Smart Card ID",State Level,Yes,Common ,Govt,No,transport.karnataka.gov.in & sarathi.parivahan.gov.in,Online & Offline,https://transport.karnataka.gov.in/storage/pdf-files/form%204%20kan.pdf
Urban Development and Municipal Administration,The Directorate of Municipal Administration (DMA),Application for Building Licence,"Eligibility requires being the legal property owner (or GPA holder) with a valid Khata, up-to-date Property Tax receipts, and a building plan certified by a Registered Architect.","The beneficiary is the property owner (individual, developer, or organization) who receives legal authorization to construct or alter a building.","Required documents include the Title Deed, Current Khata, Tax Paid Receipt, Building Plans (blueprints) certified by a registered architect, and any applicable NOCs.",Online & Offline,"Hire a Registered Architect to submit your plan and documents on the Nirman 2.0 Portal, pay the fees online, and then coordinate a physical site inspection with your local Municipal Engineer.","The offerings include legal construction authorization, eligibility for home loans, and the mandatory permit required for permanent electricity and water connections.",State Level,Yes,Common,Govt,Yes,http://www.municipaladmn.gov.in/en,Online & Offline ,http://www.municipaladmn.gov.in/sites/municipaladmn.gov.in/files/pdf/Forms/Application%20for%20Building%20Licence.pdf
Commercial / Municipal Administration,Directorate of Municipal Administration,Application for Trade Licence,Eligibility requires being 18+ years old with a legally permitted business located in a commercial zone that complies with all property tax and health safety standards.,"The beneficiary is the business owner (proprietor, partner, or director) who receives legal authorization to operate a commercial trade within municipal limits.","Required documents include ID Proof (Aadhaar/PAN), Address Proof (Rental Agreement/Sale Deed), Property Tax Receipt, Business Photos, and relevant NOCs (Fire/Health/FSSAI).",Online & Offline,"Apply online via the Seva Sindhu or mrc.gov.in portal, pay the fees, and coordinate a physical site inspection by a Health or Revenue Officer to receive your certificate.","The offering is legal authorization to operate a business, enabling bank account opening, loan eligibility, and protection against penalties or closure during inspections.",State Level,Yes,Common ,Govt,No,municipaladmn.gov.in & sevasindhu.karnataka.gov.in,Online & Offline ,http://www.municipaladmn.gov.in/sites/municipaladmn.gov.in/files/pdf/Forms/Application%20fro%20Trade%20Licence.pdf
Finance,State Bank of India (SBI),"Application for Issuance of Inland Bank Guarantee","Business entities, contractors, or individuals having a Current Account with SBI and a sanctioned non-fund based limit.","The Third Party (Government departments, Project owners, or Sellers) to whom the guarantee is issued as security for performance or payment.","Sanction Letter, Contract/Tender document, Counter-Indemnity, and Marginal Money/Security details.",Hybrid,Submit the Standard Application Form along with the draft guarantee text and required margin to your SBI Relationship Manager.,A commitment by the bank to pay the beneficiary a specified sum if the applicant fails to perform contractual obligations or make payments.,Central ,Yes,Common ,Govt,Yes,State Bank of India (SBI) Official Trade Finance Guidelines.,Online,https://retail.sbi.bank.in/sbi/downloads/application_for_inland_bank_guarantee.pdf
Finance,State Bank of India (SBI),Deposit Slip Form,"Anyone wishing to deposit money into an SBI Savings, Current, Loan, or PPF account.",The Account Holder receiving the funds.,"Account Number, Branch Name, Amount, and PAN Card (mandatory for cash deposits of ₹50,000 and above).",Hybrid,Fill out the Pay-in-Slip at the counter or generate a QR Cash code on the YONO App to deposit at a CDM (Cash Deposit Machine).,A standard method to credit Cash or Cheques into a bank account with a stamped acknowledgment as proof of transaction.,Central ,Yes,Common,Govt,No,State Bank of India Official Portal (www.onlinesbi.sbi),Online,https://sbi.bank.in/documents/53471/263971/Deposit+Slip-English+%281%29.pdf/f17f42ac-c4c1-2ddc-4e48-4ade8edc800d?t=1763121707252
Finance,State Bank of India (SBI),Withdrawal Form,Savings Account holders who do not have (or do not wish to use) a cheque book or ATM card for that specific transaction.,The Account Holder (self-withdrawal only; withdrawal slips are generally not for third-party payments).,"Original Passbook (mandatory), Account Number, and Identity Proof (if requested).",Hybrid,Fill the Withdrawal Slip and present it along with your Savings Bank Passbook to the teller at your home or nearby branch.,A simple way to withdraw cash from your own account at a bank counter without using a cheque.,Central ,Yes,Common ,Govt,No,State Bank of India Official Portal (www.onlinesbi.sbi),Online,https://sbi.bank.in/documents/53471/263971/Withdrawal+Slip-English+%281%29.pdf/4abf5fdb-e430-90c8-0c00-ef1b4c9b799f?t=1763121433129
Finance,State Bank of India (SBI),AG-LAF-IND (Agriculture Loan Application Form - Individual),"Individual farmers (owner cultivators, tenant farmers, oral lessees, or sharecroppers) and Agri-entrepreneurs.","Farmers engaged in crop cultivation, allied activities (dairy, poultry, fisheries), or those needing investment credit for farm machinery.","ID Proof (Aadhaar/PAN), Address Proof, Land ownership/Lease records, and Cropping pattern details.",Hybrid,"Fill the individual application form (AG-LAF-IND), attach land records, and submit it to the Rural/Semi-urban branch for technical appraisal.","Financial support for short-term crop production (KCC), allied activities, farm mechanization (tractors/harvesters), and land development.",Central ,Yes,Common,Govt,Yes,State Bank of India Official Portal (www.onlinesbi.sbi),Online,https://sbi.bank.in/documents/53471/263971/Agriculture+Loan+Application+Form-English.pdf/1f8c8ddc-f26d-8dd0-5060-61dfc7a5dca4?t=1763105954142
Public Utilities / Municipal Administration,Directorate of Municipal Administration,Application for Water Supply Connection,"Eligibility requires being the legal property owner (or tenant with owner NOC) with a valid Khata, a sanctioned Building Plan, and up-to-date Property Tax receipts.","The beneficiary is the property owner or legal occupant (individual, commercial entity, or industry) who receives a functional, authorized connection to the municipal water supply line.","Required documents include the Title Deed, Current Khata, Property Tax Receipt, Sanctioned Building Plan, and a Licensed Plumber's Certificate.",Online & Offline,"Apply online via Seva Sindhu, upload property documents, and pay the connection fee before a mandatory site inspection and meter installation by the municipal engineer.","The offering is legal, metered access to the municipal water supply, which is mandatory for obtaining an Occupancy Certificate and ensures your property meets health and habitability standards.",State Level,Yes,Common ,Govt,No,municipaladmn.gov.in & sevasindhu.karnataka.gov.in,Online & Offline ,http://www.municipaladmn.gov.in/sites/municipaladmn.gov.in/files/pdf/Forms/Applications%20for%20Water%20Supply%20Connection.pdf
Revenue / Municipal Administration,The Directorate of Municipal Administration (DMA),Application for Khata Extract,Eligibility requires being the registered property owner (or authorized legal heir/GPA holder) with an existing Khata number and up-to-date Property Tax receipts.,"The beneficiary is the property owner (individual, developer, or legal heir) who receives an official government record of their property's details.","Required documents include the Title Deed, Current Property Tax Receipt, Aadhaar Card, and a copy of the Previous Khata Certificate or Extract",Online & Offline,"Apply online via Seva Sindhu or e-Aasthi, upload your Sale Deed and Tax Receipt, pay the fee, and download the digitally signed extract once approved.","The offering is an official certified record of property dimensions and ownership, which is mandatory for securing bank loans, calculating property tax, and completing legal property sales.",State Level,Yes,Common,Govt,No,municipaladmn.gov.in & sevasindhu.karnataka.gov.in,Online & Offline ,http://www.municipaladmn.gov.in/sites/municipaladmn.gov.in/files/pdf/Forms/Application%20for%20Khata%20Extract.pdf
Public Utilities / Municipal Administration,The Directorate of Municipal Administration (DMA),Application for UGD (Underground Drainage),"Eligibility requires being the legal property owner with a valid Khata, a sanctioned Building Plan, up-to-date Property Tax receipts, and proximity to an existing municipal UGD main line.","The beneficiary is the property owner or occupant who receives a legal connection to the municipal sewerage network, ensuring hygienic waste disposal","Required documents include the Title Deed, Current Khata, Property Tax Receipt, Sanctioned Building Plan (showing the plumbing layout), and a Licensed Plumber's Certificate.",Online & Offline,"Apply online via Seva Sindhu, upload your Sale Deed and Sanctioned Plan, pay the fees, and coordinate a site inspection with a municipal sanitary engineer.","The offering provides a legal, hygienic connection to the municipal sewerage network, which is mandatory for obtaining an Occupancy Certificate and ensures compliance with public health and sanitation standards.",State Level,Yes,Common ,Govt,No,municipaladmn.gov.in & sevasindhu.karnataka.gov.in,Online & Offline ,http://www.municipaladmn.gov.in/sites/municipaladmn.gov.in/files/pdf/Forms/Application%20for%20UGD%20Connection.pdf
Electoral/Government Services ,Election Commission of India (ECI),Application for New Voter Registration ,"To be eligible for Form 6, you must be an Indian citizen, aged 18 or older, and an ordinary resident of the constituency where you are applying.",The beneficiary is any Indian citizen who is a resident of Karnataka and has reached 18 years of age.,"To submit Form 6, you need an Aadhaar card (or other proof of age/address) and one recent passport-sized photograph.",Online & Offline,"Apply online via the Voters' Service Portal by creating an account and uploading documents, or offline by submitting the printed Form 6 to your local Booth Level Officer (BLO).","The Form 6 offering is the official inclusion of your name in the Electoral Roll, which grants you a Voter ID card (EPIC) and the legal right to vote in Indian elections.",Central ,Yes,Common ,Govt,Yes,https://voters.eci.gov.in/formspdf/Form_6_English.pdf & https://ceo.karnataka.gov.in/20/download-forms/en,Online & Offline ,https://ceo.karnataka.gov.in/uploads/media_to_upload1659697561.pdf
Labour and Employment,Karnataka Building and Other Construction Workers Welfare Board (KBOCWWB),Employment Certificate (Form V-B) ,Construction workers aged 18 to 60 years who have worked in the sector for at least 90 days in the preceding 12 months are eligible for the scheme.,"Any registered construction worker in Karnataka (including masons, plumbers, electricians, etc.).","To submit Form V(A), you need the signed certificate, Aadhaar card, age proof, bank passbook copy, and recent passport-size photos.",Online & Offline,"Apply online via the Seva Sindhu Portal by uploading your scanned documents or offline by submitting the signed Form V(A) at a Karnataka One or Grama One center.","The Form V(A) offering provides construction workers with a Labour Card, granting access to pensions, healthcare, marriage assistance, and educational scholarships for their children.",State Level,Yes,Common ,Govt,Yes,https://karbwwb.karnataka.gov.in/en & https://sevasindhu.karnataka.gov.in/,Online & Offline ,https://karbwwb.karnataka.gov.in/uploads/media_to_upload1689755002.pdf
Labour and Employment,Karnataka Building and Other Construction Workers Welfare Board (KBOCWWB),Employment Certificate to be issued by the Grama Panchayath (PDO/Secretary),"To be eligible for Form V(D), you must be a construction worker aged 18–60 who has completed at least 90 days of work in the last 12 months in a rural area.","The beneficiary is any unorganised construction worker (such as a mason, carpenter, or painter) residing in rural Karnataka who is between 18 and 60 years old","To submit Form V(D), you need the signed certificate from your Grama Panchayat, Aadhaar card, age proof, and Aadhaar-linked bank passbook.",Online & Offline,"Apply online via the Seva Sindhu Portal by uploading your documents or offline by submitting the signed Form V(D) at a Grama One or Karnataka One center.","The Form V(D) offering provides rural construction workers with a Labour Card, enabling access to pensions, medical insurance, marriage grants, and educational scholarships for their children",State Level,Yes,Common ,Govt,Yes,sevasindhu.karnataka.gov.in & karbwwb.karnataka.gov.in,Online & Offline ,https://karbwwb.karnataka.gov.in/uploads/media_to_upload1689755115.pdf
Transport and Communication,"Transport Department, Government of Karnataka",Form 35: Notice of Termination of an Agreement of Hire-Purchase/Lease/Hypothecation ,Eligibility requires being the registered owner with a fully repaid loan and possessing a valid NOC along with signed copies of Form 35 from your bank.,The beneficiary is the registered vehicle owner who has fully repaid their vehicle loan and seeks to have the financier's name removed from the Registration Certificate (RC),"Required documents include two signed copies of Form 35, the Bank NOC, your Original RC, and valid Insurance/PUC certificates.",Online & Offline,"Apply online via the Vahan Portal to pay the termination and smart card fees, then submit the Bank NOC, Original RC, and signed Form 35 at your local RTO.","The offering is the official removal of a financier's name from your vehicle's Registration Certificate (RC), granting you full legal ownership and the right to sell or transfer the vehicle without bank permission.",State Level,Yes,Common,Govt,Yes,transport.karnataka.gov.in & sarathi.parivahan.gov.in,Online & Offline ,https://transport.karnataka.gov.in/storage/pdf-files/Forms%20related%20to%20vehicle%20registration%20services%20in%20Kannada/CMV%2035.pdf
Transport/Driving License,"Transport Department, Government of Karnataka",Application for the addition of new class of vehicles to a Driving Licence,Eligibility for Form 8 requires holding a valid permanent driving license and a current learner's license for the new vehicle class you wish to add.,The beneficiary is any individual holding a valid permanent driving license in Karnataka who wants to legally add a new category of vehicle,"Required documents include your original driving license, a valid learner’s license for the new class, Form 1A (Medical Certificate), and a driving training certificate (for transport vehicles).",Online & Offline,"Apply online via the Sarathi Parivahan portal by selecting ""Services on DL"" to upload documents and book a test, or visit your local RTO to submit Form 8 manually.",The offering is the legal endorsement or addition of a new vehicle category (such as Heavy Goods Vehicle or Transport) to an existing permanent driving licence.,State Level,Yes,Common,Govt,Yes,transport.karnataka.gov.in & sarathi.parivahan.gov.in,Online & Offline ,https://transport.karnataka.gov.in/storage/pdf-files/Form-8.pdf
Transport and Communication,"Transport Department, Government of Karnataka",Application for Assignment of New Registration Mark to a Motor Vehicle,Eligibility requires being the registered owner of a vehicle brought from another state with a valid No Objection Certificate (NOC) from the original RTO and paying the Karnataka Life Time Tax (LTT).,"The beneficiary is any registered vehicle owner relocating from another state who gains legal local registration, ensuring compliance with the Motor Vehicles Act and enabling local ownership transfer or insurance claims.","Required documents include the Original RC, NOC (Form 28) from the previous state, Karnataka Tax Receipt, Local Address Proof, and Valid Insurance/PUC.",Online & Offline,"Apply online via the Vahan Portal to pay the Life Time Tax (LTT), then visit your local RTO for a physical vehicle inspection and submission of the Original RC and NOC (Form 28).","The offering is the legal re-registration of an out-of-state vehicle in Karnataka, providing a local KA registration number and ensuring your vehicle is compliant with state laws for long-term use (beyond 12 months).",State Level,Yes,Common ,Govt,Yes,transport.karnataka.gov.in & sarathi.parivahan.gov.in,Online & Offline,https://transport.karnataka.gov.in/storage/pdf-files/Forms%20related%20to%20vehicle%20registration%20services%20in%20Kannada/CMV%2027.pdf
Transport and Communication,"Transport Department, Government of Karnataka",Form 34: Application for making an entry of an Agreement of Hire-Purchase/Lease/Hypothecation subsequent to Registration,"Eligibility requires being the registered owner of a vehicle with a valid loan agreement signed by both you and an authorized financier.",The beneficiary is the registered vehicle owner who has taken a loan and needs to legally record the bank's financial interest on the Registration Certificate (RC),"Required documents include two signed copies of Form 34, the Original RC, the Loan Agreement, and valid Insurance/PUC certificates.",Online & Offline,"Apply online via the Vahan Portal to pay the addition and smart card fees, then submit the signed Form 34, Original RC, and Loan Agreement at your local RTO.","The offering is the official recording of a bank or financier's lien on your vehicle's Registration Certificate (RC), ensuring legal recognition of the loan agreement and securing the financier's interest in the national Vahan database.",State Level,Yes,Common ,Govt,Yes,transport.karnataka.gov.in & sarathi.parivahan.gov.in,Online & Offline,https://transport.karnataka.gov.in/storage/pdf-files/Forms%20related%20to%20vehicle%20registration%20services%20in%20Kannada/CMV%2034.pdf
Transport and Communication,"Transport Department, Government of Karnataka",KMV Form 13: Form of Medical Certificate for a Conductor,"Eligibility requires being 18+ years old, having passed SSLC (10th), and obtaining a fitness certification for vision, hearing, and physical mobility from a registered doctor.",The beneficiary is any aspiring or current bus conductor in Karnataka who needs to prove their physical and mental fitness to the Transport Department to obtain or renew a Conductor’s Licence.,"Required documents include your Aadhaar Card, SSLC Marks Card, Blood Group report, and a valid First Aid Certificate for the doctor's verification.",Online & Offline,"Get the KMV-13 PDF signed by a Registered Doctor after a physical checkup, then upload it to the Parivahan Sarathi Portal as part of your conductor license application.","The offering is an official medical fitness certification from a Registered Medical Practitioner, confirming the applicant meets the physical, visual, and auditory standards required to legally serve as a bus conductor in Karnataka.",State Level,Yes,Common,Govt,Yes,https://transport.karnataka.gov.in/,Online & Offline ,https://transport.karnataka.gov.in/storage/pdf-files/kmv%2013%20kan.pdf
Transport and Communication,"Transport Department, Government of Karnataka",KMV Form 12: Application for a Conductor’s Licence,"Eligibility requires being 18+ years old, having passed SSLC (10th), holding a First Aid Certificate, and obtaining a Medical Fitness Certificate (KMV-13).",The beneficiary is any eligible individual seeking legal authorization to work as a bus conductor in public (KSRTC/BMTC) or private transport services in Karnataka.,"Required documents include your SSLC Marks Card, First Aid Certificate, Medical Certificate (KMV-13), Character Certificate, and Aadhaar Card.",Online & Offline,"Apply online via the Parivahan Sarathi Portal, upload your First Aid and Medical Certificates, and visit the RTO for physical document verification.","The offering is an official state-authorized licence and conductor's badge, granting the legal right to work in public (KSRTC/BMTC) or private transport services across Karnataka.",State Level,Yes,Common ,Govt,Yes,transport.karnataka.gov.in & sarathi.parivahan.gov.in,Online & Offline,https://transport.karnataka.gov.in/storage/pdf-files/kmv%20form%2012%20kan.pdf
Electoral/Government Services , Election Commission of India (ECI),Application for Inclusion of Name in Electoral Roll by an Overseas Elector (NRI),Form 6A is for Indian citizens living abroad (NRIs) who are 18+ years old and hold a valid Indian passport to register as overseas voters.,"The beneficiary of Form 6A is any Non-Resident Indian (NRI) holding a valid Indian passport who wants to register as an overseas voter.
","To submit Form 6A, you need a passport photo, self-attested copies of your Indian passport (photo and address pages), and a copy of your valid visa.
",Online & Offline,"Apply online via the Voters' Service Portal by uploading scanned passport and visa copies, or offline by mailing the printed Form 6A to your home constituency's Electoral Registration Officer.
","The Form 6A offering provides Overseas Indians (NRIs) the legal right to be included in the Electoral Roll, allowing them to vote in person at their home polling station in India.",Central ,Yes,Uncommon ,Govt,Yes,https://voters.eci.gov.in/formspdf/Form_6_English.pdf & https://ceo.karnataka.gov.in/20/download-forms/en,Online & Offline ,https://ceo.karnataka.gov.in/uploads/43211654072383.pdf
Transport and Communication,"Transport Department, Government of Karnataka",KMV Form 15: Application for the Renewal of a Conductor's Licence,"Eligibility requires holding an existing Conductor's Licence, a valid First Aid Certificate, and a fresh Medical Fitness Certificate (KMV-13).",The beneficiary is any existing bus conductor in Karnataka whose licence is nearing expiry or has expired and who needs to legally extend its validity to continue working.,"Required documents include your Original Licence/Badge, Medical Certificate (KMV-13), Valid First Aid Certificate, and Aadhaar Card.",Online & Offline,"Apply online via the Parivahan Sarathi Portal, upload your KMV-13 Medical Certificate, and visit the RTO for physical verification of your Original Licence.","The offering is the legal renewal and extension of validity of an existing Conductor’s Licence in Karnataka, ensuring the holder remains authorized to work in public or private bus services.",State Level,Yes,Common ,Govt,Yes,transport.karnataka.gov.in & sarathi.parivahan.gov.in,Online & Offline,https://transport.karnataka.gov.in/storage/pdf-files/kmv%2015%20kan.pdf
Transport and Communication,"Transport Department, Government of Karnataka",Form 11: Intimation of Change of Address to be Recorded in the Certificate of Registration,Eligibility requires being the registered owner who has changed their address and holds a valid NOC from the bank (if the vehicle is on loan).,Vehicle-owners who have moved to a new residence or place of business.,"Required documents include the Original RC, New Address Proof (Aadhaar/Utility Bill), Valid Insurance/PUC, and a Bank NOC if the vehicle is under a loan.",Online & Offline,"Apply online via the Vahan Portal to pay the fees, then submit your Original RC, New Address Proof, and Bank NOC at the RTO for physical verification.",The offering is an official update to the national Vahan database and the issuance of a new Smart Card RC that legally reflects your current residential or business address.,State Level,Yes,Common ,Govt,Yes,https://morth.nic.in/ & https://transport.karnataka.gov.in/57/vehicle-registration-related-forms/en & https://parivahan.gov.in/ ,Online & Offline,https://transport.karnataka.gov.in/storage/pdf-files/form%2011.pdf
Electoral/Government Services , Election Commission of India (ECI),"Form 7 - Application for objection to inclusion of name in electoral roll (Kannada) (English)","To be eligible to file Form 7, you must be a registered voter currently enrolled in the same Assembly Constituency as the person whose name you are objecting to or deleting.","The beneficiary of Form 7 is any registered voter who wants to ensure the electoral roll is accurate by removing incorrect, duplicate, or deceased entries.","To submit Form 7, you generally need the EPIC (Voter ID) number of the person being deleted and a Death Certificate (if the reason is death) or Proof of Shifting (if the reason is relocation).",Online & Offline,Apply online via the Voters' Service Portal or offline by submitting a printed Form 7 to your local Booth Level Officer (BLO).,The Form 7 offering is the legal deletion of a name or objection to an inclusion in the electoral roll to ensure the voter list remains accurate.,Central ,Yes,Uncommon ,Govt,Yes,https://ceo.karnataka.gov.in/20/download-forms/en & https://www.eci.gov.in/faq/2/12,Online & Offline,https://ceo.karnataka.gov.in/uploads/media_to_upload1659697637.pdf
Electoral Services (Government/Civic Identity)., Election Commission of India (ECI),Form 8 - Application for Shifting of Residence / Correction of Entries / Replacement of EPIC / Marking of PwD.,Any registered voter already enrolled in the electoral roll who needs to update their details or replace their card.,"Any Indian citizen on the voter list who has shifted houses, has errors in their data (name, age, photo), or needs a new physical ID card. ","To submit Form 8, you need a passport photo, proof of new address (for shifting), or proof of correct details like a birth certificate or marks card (for corrections).",Online & Offline,"Apply online via the Voters' Service Portal by uploading proof of address/correction, or offline by submitting the printed Form 8 to your local Booth Level Officer (BLO).",Provides a corrected Electoral Roll entry and/or a new Voter ID card (EPIC) with updated information.,Central ,Yes,Common ,Govt,Yes,https://ceo.karnataka.gov.in/20/download-forms/en & https://www.eci.gov.in/faq/2/12,Online & Offline,https://ceo.karnataka.gov.in/uploads/media_to_upload1659697679.pdf
Electoral Services (Government/Civic Identity)., Election Commission of India (ECI),Form 6B - Letter of Information of Aadhaar number for the purpose of electoral roll authentication,"To be eligible for Form 6B, you must be an existing registered voter who holds a valid Voter ID (EPIC) card.",The beneficiary is any registered Indian voter who wants to secure their entry in the electoral roll and prevent identity theft or duplication.,"To submit Form 6B, you need your Voter ID (EPIC) number and your Aadhaar number (or an alternative ID like a PAN card, Passport, or MNREGA job card).",Online & Offline,"Link your Aadhaar online via the Voters' Service Portal using your EPIC number, or offline by submitting the printed Form 6B to your local Booth Level Officer (BLO).",The Form 6B offering is the authentication of your voter record by linking it to your Aadhaar number to eliminate duplicate entries and secure your electoral identity.,Central ,Yes,Common ,Govt,Yes,https://ceo.karnataka.gov.in/20/download-forms/en & https://www.eci.gov.in/faq/2/12,Online & Offline,https://ceo.karnataka.gov.in/uploads/media_to_upload1659697600.pdf
"Labour and Social Welfare.
", Karnataka Building and Other Construction Workers Welfare Board (KBOCWWB),Form V(C) - Employment Certificate.,"To be eligible for Form V(C), you must be a construction worker aged 18–60 who has completed at least 90 days of work in the last 12 months.","Any unorganised construction worker (mason, carpenter, etc.) who cannot get a certificate from an employer or a Grama Panchayat.","The original signed Form V(C), Aadhaar card, age proof, and Aadhaar-linked bank passbook.",Online & Offline,"Apply online through the Seva Sindhu Portal by uploading scanned documents or offline by submitting the signed Form V(C) at a Karnataka One or Grama One center.","The Form V(C) offering is a Labour Card, which provides construction workers with financial aid for marriage, pensions, medical insurance, and educational scholarships for their children.",State Level,Yes,Common ,Govt,Yes,https://sevasindhuservices.karnataka.gov.in/,Online & Offline,https://karbwwb.karnataka.gov.in/uploads/media_to_upload1689755179.pdf
Labour / Social Welfare., Karnataka Building and Other Construction Workers Welfare Board (KBOCWWB),Form V(D) - Employment Certificate.,Rural construction workers aged 18–60 who have completed at least 90 days of work in the last 12 months.,"Any unorganised construction worker (mason, helper, etc.) living in a Gram Panchayat jurisdiction.","The original signed Form V(D), Aadhaar card, age proof, and Aadhaar-linked bank passbook.",Online & Offline,Apply online via the Seva Sindhu Portal by uploading scanned documents or offline by submitting the signed Form V(D) at a Grama One or Karnataka One center.,"Grants a Labour Card, providing access to pensions, healthcare, marriage grants, and education scholarships.",State Level,Yes,Common ,Govt,Yes,https://karbwwb.karnataka.gov.in/42/schemes/en & https://sevasindhuservices.karnataka.gov.in/,Online & Offline,https://karbwwb.karnataka.gov.in/uploads/media_to_upload1689755232.pdf
Electoral/Government Services ,Election Commission of India (ECI),Form 18 - Claim Application for Inclusion of Name in the Electoral Roll for a Graduates' Constituency,"To be eligible for Form 18, you must be an Indian citizen residing in the constituency who graduated from a recognized university at least three years prior to the qualifying date (November 1st)",The beneficiary is any graduate (or holder of an equivalent qualification) residing in the constituency who wishes to vote for a Member of the Legislative Council (MLC).,"To submit Form 18, you need a self-attested degree certificate (issued at least 3 years ago), address proof (Aadhaar/Voter ID), and a passport photograph.",Online & Offline,Apply online via the CEO Karnataka Portal during enrollment periods or offline by submitting a printed Form 18 and a self-attested degree certificate to your local Tahsildar office,"The Form 18 offering is the inclusion of your name in the Graduates' Constituency electoral roll, granting you the right to elect a Member of the Legislative Council (MLC).",State Level,Yes,Common ,Govt,Yes,https://ceo.karnataka.gov.in/342/forms/en & https://voters.eci.gov.in/,Online & Offline,https://ceo.karnataka.gov.in/uploads/media_to_upload1693469289.pdff
Education,Election Commission of India (ECI),Form 19 - Application for Inclusion of Name in Electoral Rolls for a Teachers' Constituency,Form 19 applicants must be Indian citizens residing in the constituency who have taught at a secondary or higher education level for at least three years within the last six years. Please confirm if you would like a detailed list of qualifying educational institutions,The beneficiaries are teachers who have taught for at least three years (within the last six years) in a qualifying educational institution within the constituency.,"Teaching certificate (Annexure-2), residence proof (Aadhaar/Voter ID), and two passport-size photos.",Offline ,"Applications can be submitted offline by filing the form in person or by post to the Electoral Registration Officer (ERO), or online through the CEO Karnataka website when the registration window is active",It grants eligibility to vote in the biennial elections for the Karnataka Legislative Council (MLC) under the Teachers' Constituency.,State Level,Yes,Common,Govt,Yes,https://www.google.com/url?sa=t&source=web&rct=j&url=https%3A%2F%2Fceo.karnataka.gov.in%2Fen&ved=0CAAQ6vwSahgKEwjwmu3CqriTAxUAAAAAHQAAAAAQnwI&opi=89978449,Online & Offline,https://ceo.karnataka.gov.in/uploads/media_to_upload1693469317.pdf
Agriculture,Revenue Department,Application form for crop loss ,Registered Karnataka farmers with 33% or more crop damage and a valid Farmer ID (FID) are eligible.,The primary beneficiaries are farmers in Karnataka whose crops were damaged by natural calamities like floods or drought.,"Farmer ID (FID), RTC/Pahani copy, Aadhaar card, and Aadhaar-seeded bank passbook.",Offline ,"Submit the physical form with RTC and Bank Passbook at your local Tahsildar office or Raitha Samparka Kendra, then track status via the Parihara Portal.","It provides financial compensation (input subsidy) for crop damage caused by natural calamities, credited directly to the farmer's Aadhaar-linked bank account.",State Level,Yes,Common,Govt,Yes,https://www.google.com/url?sa=i&source=web&rct=j&url=https://parihara.karnataka.gov.in/service92/&ved=2ahUKEwjMotnkr7iTAxWpRWwGHctbCRsQy_kOegYIAQgEEAE&opi=89978449&cd&psig=AOvVaw1z7B8HngHLnWunUzct5SsA&ust=1774436117088000 & https://www.google.com/url?sa=i&source=web&rct=j&url=https://landrecords.karnataka.gov.in/&ved=2ahUKEwjMotnkr7iTAxWpRWwGHctbCRsQy_kOegYIAQgEEAU&opi=89978449&cd&psig=AOvVaw1z7B8HngHLnWunUzct5SsA&ust=1774436117088000,Online & Offline,https://cdn.s3waas.gov.in/s3c8ed21db4f678f3b13b9d5ee16489088/uploads/2022/10/2022102782.pdf
Infrastructure / Natural Resources,The Department of Mines and Geology (DMG),Distribution of Sand Format 1,"To be eligible for sand allotment under this format, you must be a resident of Karnataka with a sanctioned building plan or construction license for a private house or small-scale project.","The beneficiaries are individual house builders, owners of small-scale private construction projects, and government contractors within Karnataka.","Sanctioned building plan, Aadhaar card, Property records (RTC/Khata), and the payment receipt (Challan).",Offline ,Submit Format 1 with your building plan at the District Commissioner's office (offline) or register and book via the Maralu Mitra (Sand Bazaar) portal (online).,It provides a legal permit and allotment of river or manufactured sand at government-fixed rates for private or public construction projects.,District,Yes,Common,Govt,Yes,https://www.google.com/url?sa=i&source=web&rct=j&url=https://dmg.karnataka.gov.in/39/acts-%26-rules/en&ved=2ahUKEwiPiKuDtriTAxWxUGcHHTarAMwQy_kOegYIAQgEEAE&opi=89978449&cd&psig=AOvVaw2Y8yeyrgtMv7Veey752TSt&ust=1774437791924000,Online & Offline,https://cdn.s3waas.gov.in/s367d96d458abdef21792e6d8e590244e7/uploads/2018/08/2018081214.pdf
Governance / Public Administration,Department of Personnel and Administrative Reforms (DPAR),"Application for Information under the Right to Information Act, 2005.",Any Citizen of India is eligible to apply.,"Any individual seeking specific information, documents, or records from a public authority.",₹10 application fee (Court Fee Stamp/IPO/DD) and a copy of your Aadhaar or Voter ID.,Online & Offline,"Fill out Form-A with your contact details and a clear description of the information needed, attach the ₹10 fee, and submit it to the Public Information Officer (PIO) of the concerned department; they must respond within 30 days","The legal right to access government records, inspect works, or obtain certified copies of documents held by public authorities.",State/District/Block,Yes,Common,Govt,Yes,"The form is mandated under the Karnataka Right to Information Rules, 2005, available on the DPAR Karnataka website and the Karnataka Information Commission (KIC).",Online & Offline,https://cdn.s3waas.gov.in/s367d96d458abdef21792e6d8e590244e7/uploads/2018/08/2018081051.pdf
Women and Child Development.,Department of Women and Child Development (WCD),Gruhalaxmi Scheme,"Female heads of Karnataka households with a BPL, APL, or Antyodaya card are eligible, provided they and their husbands are not income taxpayers or GST filers.","The beneficiary must be the woman listed as the ""Head of Family"" on an Antyodaya, BPL, or APL ration card in Karnataka.","To apply, you need your Ration Card, Aadhaar cards (self and husband), and an Aadhaar-linked bank passbook.",Online & Offline,"Apply online via the Seva Sindhu Portal or offline at Grama One, Karnataka One, or Bangalore One centers with your Aadhaar and ration card.","The Gruhalaxmi Scheme offers a monthly cash assistance of ₹2,000 transferred directly to the bank account of the female head of the household.",State Level,Yes,Common,Govt,Yes,"Information is sourced from the Department of Women and Child Development (WCD), the Seva Sindhu Portal, and the Mahiti Kanaja transparency portal of the Government of Karnataka.",Online & Offline,https://drive.google.com/drive/folders/1ntjRsz1NJ2yz8gW0m7R_JU4TfqW_6md0?usp=share_link
Official Government Documents / Election,Election Commission of India (ECI),Application for Correction to Particulars Entered in Electoral Roll,"Any Indian citizen aged 18 or above who is already a registered voter is eligible to use these forms for corrections or shifting their residence.",The beneficiary is any registered Indian voter who needs to correct their personal details or update their polling station due to a change in residence.,"You need your EPIC (Voter ID) number, a passport-sized photo, and self-attested copies of Aadhaar, birth certificate, or utility bills as proof of identity and address.",Online & Offline,"Apply online via the Voters' Service Portal or the Voter Helpline App, or offline by submitting a physical form to your local Booth Level Officer (BLO) or Electoral Registration Officer (ERO).","The offering includes a corrected or updated Voter ID card (EPIC) and an accurate entry in the official Electoral Roll, ensuring your right to vote at the correct polling station.",Central ,Yes,Common ,Govt,Yes,https://voters.eci.gov.in/ & https://ceo.karnataka.gov.in/en,Online & Offline,https://cdn.s3waas.gov.in/s33621f1454cacf995530ea53652ddf8fb/uploads/2020/12/2020122823-1.pdf
Official Government Documents/Election Administration,Election Commission of India (ECI),Application for Objecting Inclusion of Name of Other Person / Seeking Deletion of Own Name / Seeking Deletion of Any Other Person's Name in Electoral Roll due to Death/Shifting,Any person already registered in the electoral roll of that constituency can file Form 7 to object to an entry or request a deletion.,"The beneficiary is any registered voter who wants to ensure the accuracy of the electoral roll by removing names of deceased, shifted, or wrongly included persons.","You need the EPIC (Voter ID) number of the person being deleted and a Death Certificate (for deceased) or Address Proof (for shifted) as evidence.",Online & Offline,"Details of application process (if online, povide the relevant links and other details; if offline, provide details of how an eligible person can apply, sample form/scan image of form etc.)","The offering is an updated and accurate electoral roll through the removal of names of deceased, shifted, or ineligible persons, which prevents electoral fraud and duplicate voting.",Central ,Yes,Common ,Govt,Yes,https://voters.eci.gov.in/ & https://ceo.karnataka.gov.in/en,Online & Offline,https://cdn.s3waas.gov.in/s33621f1454cacf995530ea53652ddf8fb/uploads/2020/12/2020122897.pdf
Official Government Documents / Election Administration.,Election Commission of India (ECI),Form 6 – Application for Inclusion of Name in Electoral Roll.,"To be eligible for Form 6, you must be an Indian citizen who is 18 years of age (or will turn 18 by the upcoming qualifying date) and is a resident of the constituency where you are applying.","The beneficiary is any eligible Indian citizen, including youth reaching 18 years of age and citizens relocating within India, who needs their name added to the voter list to exercise their right to vote","You need a passport-sized photo, plus self-attested copies of age proof (like Aadhaar or Birth Certificate) and address proof (like a utility bill or bank passbook).",Online & Offline,"Register online at the Voters' Service Portal or the Voter Helpline App, or offline by submitting a completed Form 6 with photo, age, and address proofs to your local BLO or ERO.","The offering is the inclusion of your name in the Electoral Roll and the issuance of a personalized Voter ID Card (EPIC), which grants you the legal right to vote in Indian elections.",Central ,Yes,Common ,Govt,Yes,https://voters.eci.gov.in/ & https://ceo.karnataka.gov.in/en,Online & Offline,https://cdn.s3waas.gov.in/s33621f1454cacf995530ea53652ddf8fb/uploads/2020/12/2020122877.pdf
Property Registration / Revenue category.,Department of Stamps and Registration,"Form No. 1,","Any property owner, buyer, or authorized agent (such as a GPA holder) who is registering a deed for the transfer of immovable property in Karnataka is eligible and required to file this form",The beneficiary is any property buyer or seller in Karnataka who needs to officially register an immovable property and determine the correct Stamp Duty and Registration Fees based on the government’s guidance value.,"You need the Original Sale/Partition Deed, a recent Encumbrance Certificate (EC), the Khata Certificate/Extract, and the latest Tax Paid Receipts.",Offline ,"Register online through the Kaveri Online Services portal for valuation and fee payment, or offline by submitting the physical Form No. 1 with property deeds at the jurisdictional Sub-Registrar Office.","The offering is an official valuation report and the legal registration of immovable property, ensuring that the market value is correctly recorded for the payment of Stamp Duty and Registration Fees.",State Level,Yes,Common ,Govt,Yes,https://igr.karnataka.gov.in/new-page/THE%20KARNATAKA%20STAMP%20%20(PREVENTION%20OF%20UNDERVALUATION%20OF%20INSTRUMENTS)/en & https://igr.karnataka.gov.in/info-1/e+Governance+Initiatives/en ,Online & Offline,http://igr.karnataka.gov.in/storage/pdf-files/Form%20No%201.pdf
Legal / Property Registration,Department of Stamps and Registration,Declaration of Market Value and Particulars of Property,"Any property buyer, seller, or authorized representative (GPA holder) who is registering an immovable property transaction in Karnataka is eligible and required to submit this affidavit.",The beneficiary is any property buyer or seller in Karnataka who needs to legally validate their property transaction and ensure the market value is officially recorded to prevent future legal disputes.,"You need ID proof (Aadhaar/PAN), the original property deed, Khata certificate/extract, and recent tax paid receipts, all printed on non-judicial stamp paper.",Offline ,"Draft the Affidavit on non-judicial stamp paper, have it notarized, and upload it to the Kaveri Online Services portal or submit the physical copy during your Sub-Registrar appointment.","The offering is a legally binding declaration that validates the property's market value and ownership details, ensuring the registration of the deed is compliant with the Karnataka Stamp Act",State Level,Yes,Common ,Govt,Yes,https://igr.karnataka.gov.in/new-page/THE%20KARNATAKA%20STAMP%20%20(PREVENTION%20OF%20UNDERVALUATION%20OF%20INSTRUMENTS)/en & https://igr.karnataka.gov.in/info-1/e+Governance+Initiatives/en ,Online & Offline,https://igr.karnataka.gov.in/storage/pdf-files/Affidavit.pdf
Property Registration and Revenue Administration,Department of Stamps and Registration,Application for Searches or Inspection of Register Books and for the Issue of Certified Copies of Documents.,"Any property owner, legal heir, or person interested in a specific property (such as a buyer or lawyer) is eligible to apply for property searches and certified copies in Karnataka.","The beneficiary is any property owner, buyer, or legal heir in Karnataka who needs official proof of property transactions, such as an Encumbrance Certificate (EC) or a Certified Copy (CC) of a sale deed.","You need your ID proof (Aadhaar/PAN), the property survey number, and specific registration details (Document Number/Year) to identify the records you wish to search or copy.",Online & Offline,"Apply online via the Kaveri Online Services portal for digital documents, or offline by submitting Form No. 22 with property details at your jurisdictional Sub-Registrar Office.","The offering is an official Encumbrance Certificate (EC), which lists all registered transactions on the property, or a Certified Copy (CC) of a specific registered deed.",State Level,Yes,Common ,Govt,Yes,https://igr.karnataka.gov.in/info-4/Acts+and+Rules/Registration+Acts+and+Rules/en,Online & Offline,https://igr.karnataka.gov.in/storage/pdf-files/model-deeds/Form%20No%2022.pdf
,,Officers Checklist for purchase of Property.,,,,,,,,,,,,,,https://schooleducation.karnataka.gov.in/uploads/schooledu_pdfs/pdffiles/Forms_Proc/PropertyPurchaseChecklist110917.pdf
,,Format for Workstudy(Karyadhyayana) towards upgradation of Gazetted Manager posts in DDPIs Office to Gazetted Assistants.,,,,,,,,,,,,,,https://schooleducation.karnataka.gov.in/uploads/schooledu_pdfs/pdffiles/Forms_Proc/GM_GAWorkStudyFormat281215.pdf
,,Change of name of Government Servants and Women Government servants consequent upon their  Marriage – simplification of procedure regarding.,,,,,,,,,,,,,,https://schooleducation.karnataka.gov.in/uploads/schooledu_pdfs/pdffiles/Forms_Proc/AidedHSHMPromChecklist.pdf
,,Aided High School Head Masters Promotion Check List.,,,,,,,,,,,,,,https://schooleducation.karnataka.gov.in/uploads/schooledu_pdfs/pdffiles/Forms_Proc/GezettedPensionFormat.pdf
,,Gazetted Officers Pension Format.,,,,,,,,,,,,,,https://schooleducation.karnataka.gov.in/uploads/schooledu_pdfs/pdffiles/Forms_Proc/Assets_LiabilitiesCheckList.pdf
,,Check List for Assets and Liabilities.,,,,,,,,,,,,,,https://schooleducation.karnataka.gov.in/uploads/schooledu_pdfs/pdffiles/Forms_Proc/StgIncrementCircularCheckList.pdf
,,Circular and CheckList regarding sending proposals for sanctioning Stagnation Increment.,,,,,,,,,,,,,,https://schooleducation.karnataka.gov.in/uploads/schooledu_pdfs/pdffiles/Forms_Proc/FamilyPlanIncreCircularCheckList.pdf
,,Circular and CheckList for the Government Employees who are availing Family Planning.,,,,,,,,,,,,,,https://schooleducation.karnataka.gov.in/uploads/schooledu_pdfs/pdffiles/CompApt010814.pdf
,,Checklist for verification of documents regrding Compassionate Grounds Appointment.,,,,,,,,,,,,,,https://schooleducation.karnataka.gov.in/uploads/schooledu_pdfs/pdffiles/TBACircular110414.pdf
,,Circular and format regarding Probationary Declaration and sanctioning of 10 years and 15 years time bound advancement.,,,,,,,,,,,,,,https://schooleducation.karnataka.gov.in/uploads/schooledu_pdfs/Officers/Pdfdocuments/PassportChecklist.pdf
,,Passport Check List format.,,,,,,,,,,,,,,https://schooleducation.karnataka.gov.in/uploads/schooledu_pdfs/pdffiles/courtcase.pdf
,,Court cases information system formats,,,,,,,,,,,,,,https://schooleducation.karnataka.gov.in/uploads/schooledu_pdfs/pdffiles/courtcase.pdf
,,Cyber Center Registration Application,,,,,,,,,,,,,,https://cdn.s3waas.gov.in/s33a835d3215755c435ef4fe9965a3f2a0/uploads/2018/08/2018082475.pdf
,,BIRTH CERTIFICATE,,,,,,,,,,,,,,https://karnataka.census.gov.in/CRS/5.Form-5-Birth%20Certificate-Kannada.pdf
,,Form 8A – Application for transposition of entry in electoral roll,,,,,,,,,,,,,,https://cdn.s3waas.gov.in/s3c0f168ce8900fa56e57789e2a2f2c9d0/uploads/2018/08/2018080148-1.pdf
,,Kannada Medium Certificate,,,,,,,,,,,,,,https://drive.google.com/file/d/1Wekf5qKELwdRhGVuLAcjceS7QH-GtamO/view?usp=sharing
,,Rural Certificate in Kannada,,,,,,,,,,,,,,https://drive.google.com/file/d/1QmfqJKk8yNg1RlI5-uAhgGPcu_mj3_9x/view?usp=sharing
,,school enrollment confirmation letter,,,,,,,,,,,,,,https://drive.google.com/file/d/1ogLl-taMt5BccSZPvQThlKop6nrY3Zz2/view?usp=sharing
,,RTI application format,,,,,,,,,,,,,,https://drive.google.com/file/d/1XGwf049skbm5r8cW78A1zQeOAFn9IdBY/view?usp=sharing
,,Office Visit Formats.,,,,,,,,,,,,,,https://schooleducation.karnataka.gov.in/uploads/schooledu_pdfs/mmsKn/mmspdfs/OfficeVisitFormats.pdf
,,School Visit Formats.,,,,,,,,,,,,,,https://schooleducation.karnataka.gov.in/uploads/schooledu_pdfs/mms/mmspdfs/SchoolVisitFormats.pdf
,,Application for Medical Assistance to Students.,,,,,,,,,,,,,,https://schooleducation.karnataka.gov.in/uploads/schooledu_pdfs/tbfpdfs/S2_StudentMedical.pdf
,,Circular regarding Financial assistance to the Teachers/Lucturers Children who taken loan from Nationalised Banks for studying Medical/Engineering Courses from the year 2017-18.,,,,,,,,,,,,,,https://schooleducation.karnataka.gov.in/uploads/schooledu_pdfs/tbfpdfs/TBFProfCourseCircular_201819.pdf
,,Application for Lifemembership of Teachers.,,,,,,,,,,,,,,https://schooleducation.karnataka.gov.in/uploads/schooledu_pdfs/tbfpdfs/T7_Lifemembership.pdf
,,Application for Advance towards Laptop/Tab purchase Assistance.,,,,,,,,,,,,,,https://schooleducation.karnataka.gov.in/uploads/schooledu_pdfs/tbfpdfs/T6_LaptopAdvance.pdf
,,Application for Teacher’s Accident Assistance Scheme.,,,,,,,,,,,,,,https://schooleducation.karnataka.gov.in/uploads/schooledu_pdfs/tbfpdfs/T5_StudentTeacherAccident.pdf
Education / Human Resources,Department of School Education and Literacy,Checklist for permission to travel abroad.,"Any permanent government employee (including teachers, headmasters, and administrative staff) working under the Department of School Education and Literacy, Karnataka, who intends to travel to a foreign country.","The beneficiary is any permanent employee (teacher, headmaster, or office staff) of the Karnataka School Education Department who needs official legal clearance and leave approval for international travel.","You need a request letter, passport copy, visa/invitation, service certificate, and an affidavit declaring no pending departmental inquiries.",Offline ,"Submit the completed Checklist (FTF) and supporting documents offline through the proper channel, starting from your BEO up to the Commissioner for final approval.",The offering is an official Government Permission Order (No Objection Certificate) that legally authorizes a department employee to travel abroad while preserving their service seniority and leave records.,State Level,Yes,Uncommon ,Govt,Yes,The information for the Foreign Trip Permission (FTF) checklist is sourced from the official administrative guidelines of the Government of Karnataka,Online & Offline,https://schooleducation.karnataka.gov.in/uploads/schooledu_pdfs/pdffiles/Forms_Proc/FTF_30112021.pdf
,,"Annual Performance Report format for Group A, B & C Posts.",,,,,,,,,,,,,,https://schooleducation.karnataka.gov.in/uploads/schooledu_pdfs/pdffiles/Forms_Proc/CR-Form.pdf
,,Group A & B Offices Checklist for Charge Allowance under KCSR Rule 32 & Rule 68.,,,,,,,,,,,,,,https://schooleducation.karnataka.gov.in/uploads/schooledu_pdfs/pdffiles/Forms_Proc/OfficersChargeAllowanceChkList_201117.pdf
,,Application for Merit Scholarships to the eminent children of Teachers.,,,,,,,,,,,,,,https://schooleducation.karnataka.gov.in/uploads/schooledu_pdfs/tbfpdfs/T4_Merit_Scholarship.pdf
,,Application for Financial Assistance for Family Maintenance to the families of the deceased teachers (In service/ After retirement).,,,,,,,,,,,,,,https://schooleducation.karnataka.gov.in/uploads/schooledu_pdfs/tbfpdfs/T2_FamilyMaintenance.pdf
,,Application for Medical Assistance to Teachers and their dependents.,,,,,,,,,,,,,,https://schooleducation.karnataka.gov.in/uploads/schooledu_pdfs/tbfpdfs/T1_FamilyMaintenance.pdf
,,Application for obtaining School / College code form KSTBF.,,,,,,,,,,,,,,https://schooleducation.karnataka.gov.in/uploads/schooledu_pdfs/tbfpdfs/F5_School_Code.pdf
,,Remittance Details Accounts sheet.,,,,,,,,,,,,,,https://schooleducation.karnataka.gov.in/uploads/schooledu_pdfs/tbfpdfs/F4_AccountsSheet.pdf
,,KSTBF Challen.,,,,,,,,,,,,,,https://schooleducation.karnataka.gov.in/uploads/schooledu_pdfs/tbfpdfs/F3_KSTBFChallen.pdf
,,KSSWF Challen.,,,,,,,,,,,,,,https://schooleducation.karnataka.gov.in/uploads/schooledu_pdfs/tbfpdfs/F2_KSSWFChallen.pdf
,,NFTW Challen.,,,,,,,,,,,,,,https://schooleducation.karnataka.gov.in/uploads/schooledu_pdfs/tbfpdfs/F1_NFTWChallan.pdf
,,Annexure for declaring primary and secondary educational institutions run by minority education institutions as religious or linguistic minority institutions.,,,,,,,,,,,,,,https://schooleducation.karnataka.gov.in/uploads/schooledu_pdfs/minoedn/MinPdfs/MinVeriTableAnnex1.pdf
,,Format for filling up of Vacant teachers posts in Aided High Schools.,,,,,,,,,,,,,,https://schooleducation.karnataka.gov.in/uploads/schooledu_pdfs/Secpdfs/Forms/AidedHSTrsVacancyFillUp_Format.pdf
,,School Inspection Formats.,,,,,,,,,,,,,,https://schooleducation.karnataka.gov.in/uploads/schooledu_pdfs/mms/mmspdfs/SchoolInspectionReport.pdf
,,NGO Inspection Format.,,,,,,,,,,,,,,https://schooleducation.karnataka.gov.in/uploads/schooledu_pdfs/mms/mmspdfs/NGOInspFormat.pdf
,,Employment certificate by the Employer-Form V(A),,,,,,,,,,,,,,https://karbwwb.karnataka.gov.in/uploads/media_to_upload1689755002.pdf
,,Nursing & Para Medical Scheme,,,,,,,,,,,,,,https://dom.karnataka.gov.in/storage/pdf-files/Nursing%20and%20Paramedical/GNM%20and%20BSc%20Nursing%20Appl.pdf
,,Application of jain temple,,,,,,,,,,,,,,https://dom.karnataka.gov.in/storage/pdf-files/Jain%20and%20Sikh/Application%20of%20jain%20temple.pdf
,,Buddhist Temples - Application,,,,,,,,,,,,,,https://dom.karnataka.gov.in/storage/pdf-files/Jain%20and%20Sikh/Buddhist%20Temples%20-%20Application.pdf