Name of Department/Agency which manages this scheme,Name,Eligibility,Benificiary,Required documents,Mode of application (Online/Offline),"Details of application process (if online, povide the relevant links and other details; if offline, provide details of how an eligible person can apply, sample form/scan image of form etc.)",Offering,Level (Central/State/District/Block),Online availability (Yes/No),Common/Uncommon,Govt/Semi govt.,Hard copy form necessity (Yes/No),What is the soure of this information?,Required Form(Online/Offline),Application site link
ENGLISH SBI FORMS,,,,,,,,,,,,,,,
State Bank of India (SBI),Internet Banking Form,Individuals with a Savings or Current account at any SBI branch,"Single or Joint account holders (E or S, F or S, etc.)","Account Number, CIF Number, Branch Code, and Registered Mobile Number",Hybrid,"Fill the SBI Registration Form and submit it to your branch, or register via the SBI website using your ATM card","24/7 access for fund transfers, bill payments, opening deposits, and viewing statements",Central ,Yes,Common,Govt,No,State Bank of India Official Portal (www.onlinesbi.sbi),Online,https://drive.google.com/file/d/1-90rtLyhaNuPag4447vAWFDdPITr0vrb/view?usp=sharing
State Bank of India (SBI),Duplicate Login Password Form ,Existing SBI Internet Banking users who have forgotten or lost their login password.,Individual or Corporate SBI account holders.,"Username, Account Number, Country, Registered Mobile Number, and Date of Birth.",Hybrid,"Select ""Forgot Login Password"" on the OnlineSBI portal, verify via OTP/ATM details, or submit the physical request form to your branch.",Recovery of access to the Internet Banking account to resume digital transactions and services.,Central ,Yes,Common ,Govt,No,State Bank of India Official Portal (www.onlinesbi.sbi),Online,https://drive.google.com/file/d/1L0dqzAva9EbmOkOIX0n--kdOKV-3Y2aH/view?usp=sharing
State Bank of India (SBI),Reset Profile Password Form ,Existing SBI Internet Banking users who have forgotten their Profile Password (required for adding beneficiaries/changing limits).,Individual or Corporate SBI account holders.,"Net Banking Username, Registered Mobile Number, and Hint Question/Answer or ATM Card details.",Hybrid,"Log in to OnlineSBI, click ""Forgot Profile Password"" under Profile settings, and reset via Hint Question or ATM/OTP validation.","Recovery of the second-tier security password to manage third-party transfers, beneficiary additions, and profile updates.",Central ,Yes,Common,Govt,No,State Bank of India Official Portal (www.onlinesbi.sbi),Online,https://drive.google.com/file/d/1niRbODbfvZ056ykHuYxTKfhA_j5HF0gC/view?usp=sharing
State Bank of India (SBI),Reactivate INB User Form ,"Existing SBI users whose internet banking access has been deactivated due to inactivity, multiple wrong password attempts, or voluntary blocking.",Individual or Corporate SBI account holders.,"Internet Banking Username, Account Number, Registered Mobile Number, and ID Proof (if visiting a branch).",Hybrid,"Use the ""Unlock User ID"" link on the OnlineSBI login page or submit a physical Reactivation Letter to your home branch.",Restoration of access to the Internet Banking portal to resume all digital banking transactions.,Central ,Yes,Common ,Govt,No (for simple locks); Yes (for accounts dormant for more than 180 days or manually deactivated).,State Bank of India Official Portal (www.onlinesbi.sbi),Online,https://drive.google.com/file/d/1ST6ACP21v4QKpLl-tEuD61DI0dxDFC_m/view?usp=sharing
State Bank of India (SBI),New account opening form," Any Indian Resident (Individual, Joint, or Minor) with valid KYC documents."," Individual citizens, minors, or joint holders","Aadhaar Card, PAN Card, and two recent passport-sized photographs.",Hybrid,"Open a paperless account instantly via the YONO App using Video KYC, or submit the physical Form DA-1 at a branch.","A secure savings account with ATM/Debit Card, Cheque book, Internet Banking, and YONO app access.",Central ,Yes,Common,Govt,No (for Video KYC-based YONO accounts); Yes (for regular branch-based accounts).,State Bank of India Official Portal (www.onlinesbi.sbi),Online,https://retail.sbi.bank.in/sbi/downloads/common_deposit_account_opening_form_effective_from_01.11.2023.pdf
"Income Tax Department, Government of India (implemented by State Bank of India).",Form 15H-TDS ,Resident Individuals aged 60 years or older whose tax on estimated total income for the financial year is Nil.,Senior Citizens who want to prevent banks from deducting tax (TDS) on their interest income (FD/RD).,"PAN Card, Fixed Deposit/Account numbers, and details of estimated total income for the year.",Hybrid,Fill out the provided PDF form in duplicate and submit it to your SBI Home Branch at the start of every financial year.,"Zero TDS deduction on interest earned, ensuring the bank credits the full interest amount to your account.",Central ,Yes,Common ,Govt,No,State Bank of India Official Portal (www.onlinesbi.sbi),Online,https://retail.sbi.bank.in/sbi/downloads/form15h.pdf
"Income Tax Department, Government of India (implemented by State Bank of India).",Form 15G-TDS ,Resident Individuals (below 60 years) or HUF/Trusts whose total taxable income for the year is Nil and total interest income is below the basic exemption limit.,Individual taxpayers and HUFs who want to prevent the bank from deducting tax (TDS) on their interest income (FD/RD).,"PAN Card, Fixed Deposit/Account numbers, and details of estimated total income for the financial year.",Hybrid,Fill out the provided PDF form and submit it to your SBI Home Branch or upload it via OnlineSBI at the start of every financial year.,"Exemption from TDS on interest earned, ensuring the bank credits the full interest amount without any tax deduction.",Central ,Yes,Common,Govt,No, State Bank of India (SBI) and the Income Tax Department of India.,Online,https://retail.sbi.bank.in/sbi/downloads/form15-g.pdf
State Bank of India (SBI),FORM-60,,,,,,,Central ,Yes,Common ,Govt,No,State Bank of India Official Portal (www.onlinesbi.sbi),Online,https://drive.google.com/file/d/1fFc1kWqK6l5MudMum4Qv5CY-Vj2FXrBy/view?usp=sharing
State Bank of India (SBI),PPF/Loan A/C(s) Linking Form,"PPF account holders between the 3rd and 6th financial year of the account opening (e.g., if opened in 2021-22, a loan is available from 2023-24 to 2026-27).",Individual PPF subscribers needing short-term liquidity without closing their long-term savings account.,"Duly filled Application Form, PPF Passbook, and Aadhaar/Identity Proof.",Hybrid,Submit the provided PDF form along with your PPF Passbook at your SBI branch for verification and disbursement.,"A loan of up to 25% of the balance held at the end of the second preceding year, at an interest rate 1% higher than the prevailing PPF interest rate.",Central ,No,Common,Govt,Yes,State Bank of India Official Portal (www.onlinesbi.sbi),Online,https://retail.sbi.bank.in/sbi/downloads/Link_PPF_LoanAC.pdf
State Bank of India (SBI),Consent Form from Customers for Cross Sell,,,,,,,Central ,Yes,Common ,Govt,No,State Bank of India Official Portal (www.onlinesbi.sbi),Online,https://retail.sbi.bank.in/sbi/downloads/Consent_Form_Final_2607.pdf
State Bank of India (SBI),Settlement of Deceased Assets,"Nominees, survivors (for joint accounts), or legal heirs of a deceased SBI account holder.","The designated nominee, surviving account holders, or the legal heirs of the deceased.","Death Certificate (Original), KYC documents of claimants, and the appropriate Claim Application Form.",Hybrid,"Submit the death certificate and KYC online or at a branch, obtain a CRM Case ID, and visit the selected branch for final document verification and payment.","Legal and financial settlement of funds in Savings/Current accounts, Fixed Deposits, and the release of Locker contents to the rightful successors.",Central ,Yes,Common,Govt,No,State Bank of India Official Portal (www.onlinesbi.sbi),Online,https://retail.sbi.bank.in/sbi/downloads/decease_claim_set.pdf
State Bank of India (SBI),"Name of the Scheme: Nomination Facility (Banking Companies (Nomination) Rules, 1985)
Name of the Form: Form DA-1 (Nomination Form)","Individual account holders (Single or Joint) holding Savings, Current, or Fixed Deposit accounts.",The Nominee (the person designated to receive the account proceeds in the event of the depositor's death).,"Account Number, Nominee's Name & Address, and Aadhaar/ID details of the nominee (optional but recommended).",Hybrid,"Select ""Nomination"" under the Service Requests tab in OnlineSBI to add details, or submit a physical DA-1 form to your home branch.","Provides a simplified process for the transfer of funds to a chosen person after the death of the account holder, avoiding lengthy legal disputes.",Central ,Yes,Common ,Govt,No,State Bank of India Official Portal (www.onlinesbi.sbi),Online,https://retail.sbi.bank.in/sbi/downloads/da1.pdf
State Bank of India (SBI),Name of the Form: Form DA-2 (Cancellation of Nomination),"Individual account holders (Single or Joint) who wish to remove an existing nominee from their Savings, Current, or Fixed Deposit account.",The Account Holder (who regains control over the nomination status of their assets).,"Account Number, Existing Nominee's Name, and Aadhaar/ID proof of the account holder.",Hybrid,"Select ""Nomination"" > ""Cancel Nomination"" in OnlineSBI, or submit a physical DA-2 form to your home branch","Legal cancellation of a previous nomination, ensuring that funds are not automatically transferred to a person the holder no longer wishes to designate.",Central ,Yes,Common,Govt,No,State Bank of India Official Portal (www.onlinesbi.sbi),Online,https://retail.sbi.bank.in/sbi/downloads/da2.pdf
State Bank of India (SBI),Name of the Form: Form DA-3 (Variation of Nomination),Individual account holders (Single or Joint) who wish to change or replace an existing nominee in their account.,The New Nominee (the newly designated person to receive account proceeds in the event of the depositor's death).,"Account Number, Old Nominee's details, and New Nominee’s Name, Address, and Age.",Hybrid,"Log in to OnlineSBI, navigate to ""Nomination"" under the Service Requests tab to modify, or submit a physical DA-3 form at your home branch.","Allows the account holder to update their legal successor for the account funds, ensuring the money goes to the correct person as circumstances change.",Central ,Yes,Common ,Govt,No,State Bank of India Official Portal (www.onlinesbi.sbi),Online,https://retail.sbi.bank.in/sbi/downloads/da3.pdf
PFRDA (Pension Fund Regulatory and Development Authority),"Form S1 (Subscriber Registration Form)",Any Indian Citizen (Resident or Non-Resident) between the ages of 18 and 75 years.,The Subscriber (for post-retirement income) and their Nominees (in case of death).,"Aadhaar Card, PAN Card, Cancelled Cheque/Passbook, and a Passport-sized photograph.",Hybrid,"Register via the eNPS Portal using Aadhaar/PAN for instant account opening, or submit the physical Form S1 at a designated SBI branch.",A long-term voluntary retirement savings scheme with tax benefits (under Section 80CCD) and a choice of investment patterns.,Central ,Yes,Common,Govt,No,"PFRDA, NSDL-CRA, and State Bank of India (SBI).",Online,https://retail.sbi.bank.in/sbi/downloads/New_NPS_Form.pdf
PFRDA (Pension Fund Regulatory and Development Authority),Form S1 (Subscriber Registration Form - Editable/Fillable),Any Indian Citizen (Resident or Non-Resident) between the ages of 18 and 75 years.,The Subscriber (for retirement planning) and their Nominees.,"Digital copies of Aadhaar, PAN, Signature, Photograph, and a Cancelled Cheque.",Hybrid,"Fill the editable PDF form on your computer, print/sign it, and upload it via the eNPS portal or submit it to an SBI branch.",A tax-saving retirement fund (Tier I & Tier II) with market-linked returns and a lifelong monthly pension.,Central ,Yes,Common ,Govt,No (if submitted via e-Sign/OTP on eNPS); Yes (if submitting a printed version at an SBI branch).,PFRDA (NSDL-CRA) and State Bank of India (SBI).,Online,https://retail.sbi.bank.in/sbi/downloads/NPS_Editable_Form.pdf
Income Tax Department,FATCA-CRS Declaration & Supplementary KYC,"All new and existing account holders (Individual and Non-individual), especially those with potential tax residency outside India.",The Government of India (for international tax transparency) and the Account Holder (to ensure uninterrupted account operations).,"PAN Card, Aadhaar/Voter ID, and Tax Identification Number (TIN) for foreign tax residencies.",Hybrid,"Fill the FATCA-CRS form with your tax residency details and TIN, then submit it to SBI online or in person.",Provides a standardized self-certification to identify US persons (FATCA) and tax residents of other countries (CRS) to prevent global tax evasion.,Central ,Yes,Common,Govt,"No (if submitted digitally via Net Banking); Yes (if requested by the branch or if foreign ""indicia"" like a US birthplace are present).",Income Tax Department and State Bank of India (SBI),Online,https://retail.sbi.bank.in/sbi/downloads/FATCA_CRS_Declaration.pdf
State Bank of India (SBI),"Application for Issuance of Inland Bank Guarantee","Business entities, contractors, or individuals having a Current Account with SBI and a sanctioned non-fund based limit.","The Third Party (Government departments, Project owners, or Sellers) to whom the guarantee is issued as security for performance or payment.","Sanction Letter, Contract/Tender document, Counter-Indemnity, and Marginal Money/Security details.",Hybrid,Submit the Standard Application Form along with the draft guarantee text and required margin to your SBI Relationship Manager.,A commitment by the bank to pay the beneficiary a specified sum if the applicant fails to perform contractual obligations or make payments.,Central ,Yes,Common ,Govt,Yes,State Bank of India (SBI) Official Trade Finance Guidelines.,Online,https://retail.sbi.bank.in/sbi/downloads/application_for_inland_bank_guarantee.pdf
State Bank of India (SBI),Deposit Slip Form,"Anyone wishing to deposit money into an SBI Savings, Current, Loan, or PPF account.",The Account Holder receiving the funds.,"Account Number, Branch Name, Amount, and PAN Card (mandatory for cash deposits of ₹50,000 and above).",Hybrid,Fill out the Pay-in-Slip at the counter or generate a QR Cash code on the YONO App to deposit at a CDM (Cash Deposit Machine).,A standard method to credit Cash or Cheques into a bank account with a stamped acknowledgment as proof of transaction.,Central ,Yes,Common,Govt,No,State Bank of India Official Portal (www.onlinesbi.sbi),Online,https://sbi.bank.in/documents/53471/263971/Deposit+Slip-English+%281%29.pdf/f17f42ac-c4c1-2ddc-4e48-4ade8edc800d?t=1763121707252
State Bank of India (SBI),Withdrawal Form,Savings Account holders who do not have (or do not wish to use) a cheque book or ATM card for that specific transaction.,The Account Holder (self-withdrawal only; withdrawal slips are generally not for third-party payments).,"Original Passbook (mandatory), Account Number, and Identity Proof (if requested).",Hybrid,Fill the Withdrawal Slip and present it along with your Savings Bank Passbook to the teller at your home or nearby branch.,A simple way to withdraw cash from your own account at a bank counter without using a cheque.,Central ,Yes,Common ,Govt,No,State Bank of India Official Portal (www.onlinesbi.sbi),Online,https://sbi.bank.in/documents/53471/263971/Withdrawal+Slip-English+%281%29.pdf/4abf5fdb-e430-90c8-0c00-ef1b4c9b799f?t=1763121433129
State Bank of India (SBI),AG-LAF-IND (Agriculture Loan Application Form - Individual),"Individual farmers (owner cultivators, tenant farmers, oral lessees, or sharecroppers) and Agri-entrepreneurs.","Farmers engaged in crop cultivation, allied activities (dairy, poultry, fisheries), or those needing investment credit for farm machinery.","ID Proof (Aadhaar/PAN), Address Proof, Land ownership/Lease records, and Cropping pattern details.",Hybrid,"Fill the individual application form (AG-LAF-IND), attach land records, and submit it to the Rural/Semi-urban branch for technical appraisal.","Financial support for short-term crop production (KCC), allied activities, farm mechanization (tractors/harvesters), and land development.",Central ,Yes,Common,Govt,Yes,State Bank of India Official Portal (www.onlinesbi.sbi),Online,https://sbi.bank.in/documents/53471/263971/Agriculture+Loan+Application+Form-English.pdf/1f8c8ddc-f26d-8dd0-5060-61dfc7a5dca4?t=1763105954142
Economic Empowerment / Livelihood Support.,"Annexure 1A (Common Loan Application Form / LAF)","Street vendors in urban, peri-urban, or rural areas active on or before March 24, 2020, with a Certificate of Vending (CoV) or Letter of Recommendation (LoR).","Individual Street Vendors (selling items like vegetables, fruits, street food, tea, apparel, or artisan products).","Aadhaar Card, Vending Certificate (CoV/ID/LoR), and an Aadhaar-linked Bank Passbook.",Hybrid,"Register with an Aadhaar-OTP, fill the application with your Survey Reference Number (SRN) or LoR, and choose a preferred lender for disbursement.","Collateral-free working capital loans of ₹15,000 (1st loan), ₹25,000 (2nd), and ₹50,000 (3rd) with a 7% interest subsidy and cashback for digital transactions.",Central ,Yes,Common ,Govt,No (for digital applications); Yes (if applying manually at a bank branch).,Ministry of Housing and Urban Affairs (MoHUA) and PM SVANidhi Official Portal,Online,https://sbi.bank.in/documents/53471/263971/PM+Svanidhi+Loan+Application+Form+English.pdf/c57e7f5c-ac69-b980-2966-82b11db8f65c?t=1763106348412
"Department of Financial Services (DFS), Ministry of Finance (administered by State Bank of India).",Mudra Loan Application Form,"Small business owners, proprietors, or partners in non-farm, non-corporate micro-enterprises (manufacturing, trading, or services).","Micro-entrepreneurs needing capital for business start-up, equipment purchase, or working capital.","ID Proof (Aadhaar/Voter ID), Address Proof, PAN Card, Business Address Proof (Udyam), and Past 6 months' bank statements.",Hybrid,"Fill out the provided PDF form with your business details and project report, then submit it to an SBI branch for appraisal.","Collateral-free loans in three categories: Shishu (up to ₹50,000), Kishore (₹50,001 to ₹5 Lakh), and Tarun (₹5,00,001 to ₹10 Lakh).",Central ,Yes,Common,Govt,No (for digital Shishu loans); Yes (for Kishore and Tarun categories requiring detailed documentation).,MUDRA (Micro Units Development & Refinance Agency Ltd.) and State Bank of India (SBI).,Online,https://sbi.bank.in/documents/53471/263971/PMMY+Loan+Application+Form+English.pdf/a92eb1bb-285a-56d3-503c-bbead0dfb6dd?t=1763106518884
"Ministry of Finance, Government of India (administered by State Bank of India).",Form C (PPF Account Closure/Withdrawal Form),PPF account holders who have reached the 15-year maturity period or meet specific premature closure grounds (medical/higher education after 5 years).,The Subscriber (or the nominee/legal heir in case of the subscriber's death) seeking to withdraw the accumulated corpus.,"Original PPF Passbook, KYC Proof (Aadhaar/PAN), and a Cancelled Cheque of the target savings account.",Hybrid,Submit the provided PDF form and your original passbook to the branch manager for processing and payment.,Full disbursement of the principal amount plus tax-free interest accumulated over the entire tenure of the account.,Central ,No,Common ,Govt,Yes,State Bank of India (SBI) and National Savings Institute,Online,https://sbi.bank.in/documents/53471/263971/Public+Provident+Fund+Account+Closure+Form-English.pdf/d2d8c509-1e00-f68e-183d-4a8398f6766b?t=1765171976057
"Ministry of Finance, Government of India (administered by State Bank of India).",Form H (PPF Extension Form),PPF account holders who have completed the initial 15-year maturity period and wish to continue the account.,The Subscriber seeking to continue earning tax-free interest and potentially making further deposits after maturity.,"PPF Passbook, ID Proof (Aadhaar/PAN), and the filled Form H.",Offline ,Submit the provided PDF form at your home branch within one year of the account's maturity date.,"Extension of the account in blocks of 5 years with two options: ""With further deposits"" (to keep saving) or ""Without further deposits"" (to just earn interest).",Central ,No,Common,Govt,Yes,State Bank of India (SBI) and National Savings Institute.,Online,https://sbi.bank.in/documents/53471/263971/Public+Provident+Fund+Account+Extension+Form-English.pdf/96eaf920-b2e6-2a0b-5983-e4d9c74bb1d2?t=1765172729880
"Ministry of Finance, Government of India (administered by State Bank of India).",Form E (Nomination Form),Individual PPF account holders wishing to designate one or more persons to receive funds in the event of their death.,The Nominee(s) (the person(s) who will receive the balance amount in the PPF account upon the subscriber's demise).,"PPF Passbook, Nominee's Name, Address & Age, and Witness Signatures (for physical submission).",Offline ,Fill out the provided PDF form and submit it along with your original passbook to the branch for recording and stamping.,"Ensures a hassle-free transfer of accumulated tax-free savings to the chosen successor, bypassing the need for a succession certificate.",Central ,No,Common ,Govt,Yes,State Bank of India (SBI) and National Savings Institute,Online,https://sbi.bank.in/documents/53471/263971/Public+Provident+Fund+Account+Nomination+Form-English.pdf/3c5e223f-476d-f52f-b5be-cf3a65267616?t=1765173129132
"Ministry of Finance, Government of India (administered by State Bank of India).",Form-E (SCSS Account Closure Form),SCSS account holders who have reached the 5-year maturity period or meet specific premature closure conditions (subject to penalties).,The Senior Citizen Subscriber (or the nominee/legal heir in case of the subscriber's death) seeking to withdraw the principal and interest.,"Original SCSS Passbook, KYC Proof (Aadhaar/PAN), and a Cancelled Cheque for the credit of funds.",Offline ,Submit the provided PDF form along with your original passbook to the branch manager for processing and payment.,Full disbursement of the principal amount and any outstanding interest earned through the government-backed savings scheme.,Central ,No,Common,Govt,Yes,State Bank of India (SBI) and National Savings Institute.,Online,https://sbi.bank.in/documents/53471/263971/SCSS+Account+Closure+Form-English.pdf/cfd7fe4b-0a88-cc06-f05a-b951e88a0689?t=1765174266403
"Ministry of Finance, Government of India (administered by State Bank of India).",Form-B (SCSS Account Deposit Slip),Senior Citizens (60+ years or eligible retirees 55+) making their initial investment or adding funds to their SCSS account,The Senior Citizen Subscriber (the individual whose name is on the SCSS account).,"SCSS Account Number, Branch Name, and Cash/Cheque/DD for the deposit amount.",Offline ,Fill out the provided PDF form with the deposit details and submit it with your cash/cheque at the bank counter for a stamped acknowledgment.,"A secure method to deposit funds into a high-interest, government-backed savings scheme designed specifically for retirement income.",Central ,No,Common ,Govt,Yes,State Bank of India (SBI) and National Savings Institute,Online,https://sbi.bank.in/documents/53471/263971/SCSS+Account+Deposit+Slip-English.pdf/13efac35-132d-33cc-2273-81914061ae79?t=1765174481429
"Ministry of Finance, Government of India (administered by State Bank of India).",Form-G (Nomination Change/Variation Form,SCSS account holders who wish to cancel or change an existing nominee in their account.,The New Nominee(s) (the designated person(s) who will receive the balance in the event of the subscriber's death).,"SCSS Passbook, New Nominee's Name, Address & Age, and Witness Signatures.",Offline ,Fill out the provided PDF form with the new nominee details and submit it with your original passbook at the branch.,"Allows the subscriber to update their legal successor, ensuring the retirement funds are transferred to the correct person if family circumstances change.",Central ,No,Common,Govt,Yes,State Bank of India (SBI) and National Savings Institute.,Online,https://sbi.bank.in/documents/53471/263971/SCSS+Account+Nomination+Change+Form-English.pdf/d01bd519-8584-feb8-6b87-975ae2a573b3?t=1765174783414
"Ministry of Finance, Government of India (administered by State Bank of India).",Form-A (SCSS Account Opening Form),"Individuals aged 60 years or above, or retirees aged 55-60 (under VRS/Superannuation) and retired defense personnel aged 50+.","Senior Citizens looking for a safe, government-backed investment with regular quarterly income.","Aadhaar Card, PAN Card, Passport Photographs, and Proof of Date of Birth/Retirement.",Offline ,Submit the provided PDF form along with your KYC documents and the initial deposit (Cheque/DD) at your nearest SBI branch.,A 5-year investment (extendable by 3 years) offering quarterly interest payments and tax deductions under Section 80C.,Central ,No,Common ,Govt,Yes,State Bank of India (SBI) and National Savings Institute,Online,https://sbi.bank.in/documents/53471/263971/SCSS+Account+Opening+Form-English.pdf/8b2d737e-1e88-ffb0-cd33-c398d5b0faba?t=1765175074863
"Ministry of Finance, Government of India (administered by State Bank of India).",Form-4 (SSA Account Closure Form),"The Guardian (on behalf of the girl child) when the account reaches 21 years from the date of opening, or for the girl child’s marriage after she turns 18.",The Girl Child (Account Holder) who receives the full maturity amount for her financial future.,"Original SSA Passbook, Identity Proof of the girl child, and Proof of Marriage/Age (if closing for marriage).",Offline ,Submit the provided PDF form and the original passbook at the branch to transfer the maturity amount to the girl child's savings account.,Full disbursement of the principal amount plus compounded interest accumulated over the tenure of the account.,Central ,No,Common,Govt,Yes,State Bank of India (SBI) and National Savings Institute.,Online,https://sbi.bank.in/documents/53471/263971/SSA+Account+Closure+Form-English.pdf/ce8e4f1a-042b-6dd6-f227-264bbd7a14ad?t=1765175818989
"Ministry of Finance, Government of India (administered by State Bank of India).",Form-2 (SSA Premature Closure Form),"The Guardian or Account Holder (Girl Child) only under specific extreme grounds: Death of the account holder/guardian, Life-threatening disease, or Non-resident status (if the girl child becomes an NRI).",The Girl Child (or the Guardian/Nominee in case of the child's death).,"Original SSA Passbook, Death Certificate (if applicable), Medical Certificate from a specialist, or Passport/Visa copies (for NRI status).",Offline ,Submit the provided PDF form along with the original passbook and certified proof of the emergency/reason to the Branch Manager.,"Early disbursement of the principal and interest before the 21-year maturity period, providing immediate liquidity for emergencies or status changes.",Central ,No,Uncommon ,Govt,Yes,State Bank of India (SBI) and National Savings Institute.,Online,https://sbi.bank.in/documents/53471/263971/SSA+Account+Premature+Closure-English.pdf/95c9a683-0bb4-329d-7a5f-0768e3c4661c?t=1765176821392
"Ministry of Finance, Government of India (administered by State Bank of India).",Form-3 (SSA Withdrawal Form),"The Account Holder (Girl Child) after reaching 18 years of age or having passed 10th standard, whichever is earlier.","The Girl Child, for the purpose of meeting expenses for her Higher Education.","Original SSA Passbook, Identity Proof, and Admission Offer/Fee Receipt from the educational institution.",Offline ,Submit the provided PDF form and the original passbook with proof of admission to the branch manager for approval.,Partial withdrawal of up to 50% of the balance available at the end of the preceding financial year.,Central ,No,Common ,Govt,Yes,State Bank of India (SBI) and National Savings Institute.,Online,https://sbi.bank.in/documents/53471/263971/SSA+Account+Withdrawal-English.pdf/c77d8272-69eb-42c5-b595-3d41ba42e96b?t=1765176931411
State Bank of India (SBI),Application Form for Loans to Individuals (Auto Loan),"Salaried individuals, self-employed professionals/businessmen, and agriculturists aged 21 to 70 years with a stable income.","Individual borrowers looking to purchase a new passenger car, multi-utility vehicle, or SUV.","Identity/Address Proof, Income Proof (Salary Slips/ITR/Form 16), Last 6 months' Bank Statement, and a Pro-forma Invoice of the vehicle.",Hybrid,Submit the provided PDF form along with income documents and the vehicle quotation to an SBI branch or a RACPC (Retail Assets Centralized Processing Center).,"Financing for the purchase of a new car with on-road pricing coverage, flexible repayment tenures up to 7 years, and competitive interest rates.",Central ,Yes,Common ,Govt,No,State Bank of India (SBI) official portal.,Online,https://sbi.bank.in/documents/53471/263971/Auto+Loan+Application-English.pdf/a0e4c616-2435-8889-de64-8ef6c4a48d6e?t=1767590659339
State Bank of India (SBI),Application Form for Business Loans,"Business entities (Proprietorship, Partnership, or Companies) engaged in manufacturing, services, or trading with a minimum of 2 years of business vintage.","Small and Medium Enterprises (SMEs) needing credit for working capital, machinery purchase, or business expansion.","Business Registration (Udyam), Last 2-3 years' ITR, Bank Statements, KYC of Promoters, and Collateral Security details.",Hybrid,Submit the provided PDF form along with your business financial reports and project proposal to your nearest SBI SME Branch.,Financial assistance through term loans or working capital limits (Cash Credit) to support business growth and operational needs.,Central ,No,Common ,Govt,Yes,State Bank of India (SBI) SME Banking portal.,Online,https://sbi.bank.in/documents/53471/263971/Business+Loan+Application-English.pdf/4fcac044-0081-e3e5-ace9-ee4f023b53fb?t=1767594451472
State Bank of India (SBI).,Application Form for Education Loans,Indian Students who have secured admission to professional/technical courses in India or abroad through an entrance test or merit-based selection.,Students (as the borrower) and their Parents/Guardians (as the co-borrowers).,"Admission Letter, Fee Schedule, Mark sheets (10th/12th/Graduation), Income Proof of Co-borrower, and KYC documents.",Hybrid,"Register on the Vidya Lakshmi portal, select SBI, upload the provided PDF form, and visit the SBI branch for final processing.","Financial coverage for tuition fees, hostel charges, books/equipment, and travel expenses for studies in India or overseas.",Central ,Yes,Common ,Govt,Yes,State Bank of India (SBI) and Ministry of Finance.,Online,https://sbi.bank.in/documents/53471/263971/Education+Loan+Application-English.pdf/920347b9-f3bb-e97d-dc11-9cfda8a768da?t=1767594576828
State Bank of India (SBI).,Application Form for Gold Loans,Any individual (singly or jointly) aged 18 years and above with a steady source of income (including pensioners).,"Individual borrowers needing immediate liquidity for personal, medical, or agricultural needs by pledging gold ornaments.","Identity/Address Proof, two passport-sized photographs, and a Witness Letter (if required by the branch).",Hybrid,Submit the provided PDF form along with your gold ornaments at the branch for weight/purity valuation and instant disbursement,"Instant credit against gold ornaments/coins with flexible repayment options like Liquid Gold Loan (Overdraft), EMI, or Bullet Repayment.",Central ,Yes,Common ,Govt,Yes,State Bank of India (SBI) official portal.,Online,https://sbi.bank.in/documents/53471/263971/Gold+Loan+Application-English.pdf/03234859-7238-8808-eacd-dbd90625e753?t=1767594758842
State Bank of India (SBI).,Application Form for Loans to Individuals (Home Loan),"Salaried individuals, Self-employed professionals, and Businessmen aged 18 to 70 years with a stable income.","Individual borrowers looking to purchase, construct, or renovate a house/flat.","Identity/Address Proof, Income Proof (ITR/Salary Slips), 6 months Bank Statement, and Property Documents (Allotment Letter/Sale Deed).",Hybrid,Submit the provided PDF form along with income and property papers to an SBI branch for technical and legal appraisal.,"Long-term financing for home purchase/construction with tenures up to 30 years, competitive interest rates, and no prepayment penalties.",Central ,Yes,Common ,Govt,Yes,State Bank of India (SBI) official portal.,Online,https://sbi.bank.in/documents/53471/263971/Home+Loan+Application-English.pdf/f5d46151-9626-3aae-917e-499d1ce3d002?t=1767594853351
Reserve Bank of India (RBI) (implemented by State Bank of India).,Key Fact Statement (KFS),"All individual borrowers applying for retail loans (Home, Auto, Personal, etc.).","The Borrower, who receives a clear summary of all loan costs to make an informed decision.","Loan Account Number, Sanction Letter, and Identity Proof.",Hybrid,Review and sign the provided KFS PDF during the loan documentation stage at your SBI branch or via the YONO app.,"A standardized document that clearly lists the Annual Percentage Rate (APR), all processing fees, insurance costs, and the total amount to be repaid.",Central ,Yes,Common ,Govt,Yes,Reserve Bank of India (RBI) and State Bank of India (SBI).,Online,https://sbi.bank.in/documents/53471/263971/Key+fact+Statement-English.pdf/bcce4796-67d0-4e60-093d-c0f875197379?t=1767594991333
State Bank of India (SBI).,Application Form for Loans to Individuals (Loan Against Property),"Salaried individuals, self-employed professionals, and businessmen owning a residential or commercial property, with a stable income and a minimum age of 18 years.",Individual property owners seeking funds for personal or business needs (excluding speculative purposes) by mortgaging their existing property.,"Identity/Address Proof, Income Proof (ITR/Salary Slips), 6 months Bank Statement, and Original Property Title Deeds.",Hybrid,Submit the provided PDF form along with property papers to an SBI branch or RACPC for legal and technical valuation of the asset.,"A multi-purpose loan offering high-value credit against the market value of a property, with lower interest rates compared to personal loans and tenures up to 15 years.",Central ,Yes,Common ,Govt,Yes,Reserve Bank of India (RBI) and State Bank of India (SBI).,Online,https://sbi.bank.in/documents/53471/263971/Loan+Against+Proporty+Application-English.pdf/6a0ef037-4ec1-00b3-a7c6-b0cf68f4b01c?t=1767595071385
State Bank of India (SBI).,Application Form for Overdraft against Salary,Salaried individuals having a Salary Package Account with SBI for at least 6 months and a minimum monthly net salary.,"Individual employees (Government, Corporate, or Defense) needing instant, short-term liquidity for personal emergencies.","Latest Salary Slip, Form 16/ITR, and a Letter of Authority for salary deduction (if required).",Hybrid,"Submit the provided PDF form or apply through the ""Loans"" section of the YONO app for immediate limit setup.","A revolving credit facility (Overdraft) of up to 2 times the net monthly salary, with interest charged only on the utilized amount and easy repayment through the salary account.",Central ,Yes,Common ,Govt,No,State Bank of India (SBI) official portal.,Online,https://sbi.bank.in/documents/53471/263971/Overdraft+Against+Salary+Form-English.pdf/379cffa6-ea1d-9bae-1e5d-bca45c9dea27?t=1767595139299
State Bank of India (SBI).,"Application Form for Loans to Individuals (Personal Loan)","Salaried individuals (with SBI salary account), Pensioners, and Self-employed individuals with a stable income and a minimum age of 21 years.","Individual borrowers needing unsecured funds for weddings, travel, medical emergencies, or any other personal legitimate requirements.","Identity/Address Proof, Latest 3 months' Salary Slips, Form 16, and Last 6 months' Bank Statement.",Hybrid,Submit the provided PDF form along with your income documents to your Home Branch or apply digitally through the YONO app.,"Unsecured loans with no collateral or security required, featuring competitive interest rates, low processing fees, and tenures up to 72 months.",Central ,Yes,Common ,Govt,No,State Bank of India (SBI) official portal.,Online,https://sbi.bank.in/documents/53471/263971/Personal+Loan+Application-English.pdf/6e58998c-6343-4739-eb34-5b2b24779c69?t=1767595237452
State Bank of India (SBI).,Application Form for Doorstep Banking,"Senior Citizens (over 70 years), differently-abled, or visually impaired individuals.",Eligible SBI Savings account holders needing banking services at home.,"Account Number, Registered Mobile Number, and Identity Proof.",Hybrid,Complete the Annexure II form and submit it to your Branch Manager to activate the service.,"Home delivery of Cash, Demand Drafts, and pickup of Cheques, Life Certificates, or KYC documents.",Central ,Yes,Common ,Govt,Yes,SBI Customer Care Portal.,Online,https://sbi.bank.in/documents/16012/38550822/201123-Application+form+with+terms+and+conditions.pdf/9146b8d1-54cc-0dbe-dc3e-4b51903a0899?t=1700458654953
State Bank of India (SBI).,NRI Account Opening Application Form,"Non-Resident Indians (NRIs), Persons of Indian Origin (PIOs), or Overseas Citizens of India (OCIs).",Overseas Indian citizens wishing to maintain funds in Indian currency or foreign exchange.,"Passport copies, Visa/Work Permit, Overseas Address Proof, and Passport-sized photographs.",Hybrid,"Fill the NRE/NRO form, get documents attested by the Indian Embassy or Notary, and mail them to the Foreign Department in India.","Opening of NRE/NRO Savings, Current, or FCNR (B) Fixed Deposit accounts.",Central ,Yes,Common ,Govt,Yes,SBI Global / NRI Services,Online,https://retail.sbi.bank.in/sbi/downloads/NRE_NRO_FCNRB_Form.pdf
State Bank of India (SBI).,"Annexure B - KYC Updation Form",Any customer required to undergo a periodic KYC review as per RBI mandates.,Individual account holders wishing to keep their account active without fresh document submission.,"Aadhaar Number, PAN Card, and a Self-declaration of current status.",Hybrid,"Submit the signed Annexure C to your branch or upload it through the ""Update KYC"" link in Net Banking.",Simple restoration of account status by confirming that existing records are valid.,Central ,Yes,Common ,Govt,No (if done online); Yes (if visiting the branch).,SBI Official Website.,Online,https://sbi.bank.in/documents/16012/22770835/05092022_ANNEX++B+KYC+UPDATION+FORM+INDIVIDUAL.pdf/36cb82f1-4f32-660b-7b16-7d32eb8c52f7?t=1662381281150
State Bank of India (SBI).,Xpress Credit Application Form,"Salaried individuals with a salary account at SBI, working with Central/State Govt, PSUs, Educational Institutions, or reputed Corporates.","Individual employees needing quick, unsecured funds for personal requirements like travel, weddings, or debt consolidation.","Identity/Address Proof, Latest 3 months' Salary Slips, Form 16, and Last 6 months' Bank Statement.",Hybrid,Submit the provided PDF form along with income proof to your Home Branch for appraisal and disbursement.,"Instant personal loans with no collateral or security required, featuring low processing fees and loan amounts up to ₹30 Lakhs based on income.",Central ,Yes,Common ,Govt,No (if applying through YONO RTXC); Yes (if applying manually at the branch).,State Bank of India (SBI) official portal.,Online,https://sbi.bank.in/webfiles/uploads/files/1355821878651_XPRESS_CREDIT_APPLICATION_FORM.pdf
State Bank of India (SBI).,Account Opening Form for Entities (Other than Sole Proprietorship),"Partnership Firms, Private/Public Limited Companies, Trusts, Societies, and Unincorporated Associations.",Business entities and organizations requiring a standard account for high-volume commercial transactions.,"Entity PAN, Registration Certificate/Partnership Deed, Board Resolution, and KYC of all Authorized Signatories.",Hybrid,Submit the provided PDF form along with the entity's constitutional documents and Beneficial Owner declarations to an SBI branch.,"A business account with features like unlimited deposits, overdraft facilities, bulk payment solutions, and dedicated Corporate Internet Banking (CINB).",Central ,No,Common ,Govt,Yes,State Bank of India (SBI) official portal.,Online,https://sbi.bank.in/documents/26274/109521/11032022_CA+AOF+Other+Than+Sole+proprietorship+Firm.pdf
State Bank of India (SBI).,Annexure-II (Service Request Form),"Senior Citizens (above 70 years of age), differently-abled, or visually impaired individuals with a fully KYC-compliant account.",Eligible SBI customers who have difficulty visiting the branch and reside within a 5km radius of the home branch.,"Registered Mobile Number, Account Details, and a One-Time Password (OTP) generated during the visit.",Hybrid,"Submit the provided PDF form to your Branch Manager to register for the service, then book individual visits through the app or toll-free number.","Delivery of Cash, Demand Drafts, and Cheque Books; and pickup of Cheques, Life Certificates, and Form 15G/15H at the customer's residence.",Central ,Yes,Common ,Govt,Yes,State Bank of India (SBI) official portal.,Online,https://sbi.bank.in/documents/127/0/010420-Annexure+II.pdf/6054d861-e1a5-106d-7081-c4876ba4c0be?t=1585744406187
KANNADA SBI FORMS,,,,,,,,,,,,,,,
,,,,,,,,,,,,,,,
State Bank of India (SBI),Deposit Slip Form ,"Anyone wishing to deposit money into an SBI Savings, Current, Loan, or PPF account.",The Account Holder receiving the funds.,"Account Number, Branch Name, Amount, and PAN Card (mandatory for cash deposits of ₹50,000 and above).",Hybrid,Fill out the Pay-in-Slip at the counter or generate a QR Cash code on the YONO App to deposit at a CDM (Cash Deposit Machine).,A standard method to credit Cash or Cheques into a bank account with a stamped acknowledgment as proof of transaction.,Central ,Yes,Common,Govt,No,State Bank of India Official Portal (www.onlinesbi.sbi),Online,https://sbi.bank.in/documents/53471/53742/Deposit+Slip-KANNADA.pdf/1a925e2f-6bc7-820c-d525-5a0f045c5fd6?t=1761741556653
"Ministry of Finance, Government of India (administered by State Bank of India).",Form C (PPF Account Closure/Withdrawal Form,PPF account holders who have completed the 15-year maturity period or meet specific premature closure grounds (medical/higher education after 5 years).,The Subscriber (or the nominee/legal heir in case of the subscriber's death) seeking to withdraw the accumulated corpus.,"PPF Passbook, ID Proof (Aadhaar/PAN), and a Cancelled Cheque of the savings account where funds should be credited.",Hybrid ,Submit the filled Kannada Closure Form along with your original passbook to the branch manager for processing and payment.,Full disbursement of the principal amount plus tax-free interest accumulated over the tenure of the account.,Central ,Yes,Common ,Govt,No,State Bank of India (SBI) and National Savings Institute.,Online,https://sbi.bank.in/documents/53471/57323226/Public+Provident+Fund+Account+Closure+Form-Kannada.pdf/52a0c83b-1b27-217c-ef92-e807d2d7d65b?t=1768888044256
"Ministry of Finance, Government of India (administered by State Bank of India).",Form H (PPF Extension Form),PPF account holders who have completed the initial 15-year maturity period and wish to continue the account.,The Subscriber seeking to continue earning tax-free interest and potentially making further deposits after maturity.,"PPF Passbook, ID Proof (Aadhaar/PAN), and the filled Form H.",Hybrid,Submit the Kannada Extension Form at your home branch within one year of the account's maturity date.,"Extension of the account in blocks of 5 years with two options: ""With further deposits"" (to keep saving) or ""Without further deposits"" (to just earn interest).",Central ,Yes,Common ,Govt,Yes,State Bank of India (SBI) and National Savings Institute.,Online,https://sbi.bank.in/documents/53471/57323499/Public+Provident+Fund+Account+Extension+Form-Kannada.pdf/efd25185-3fbc-71a6-fa9e-095e2d8d6a05?t=1768888147523
State Bank of India (SBI).,Customer Request Form,"All existing SBI account holders (Individuals, Joint, or Minor) in Karnataka.",The Account Holder seeking to update records or request new banking facilities.,"Account Number, Self-attested KYC (Aadhaar/PAN), and the original Passbook.",Hybrid,"Tick the required service on the Kannada Customer Request Form, sign it, and submit it to your Home Branch with ID proof.","A single window for multiple requests: Nomination, Re-KYC, Cheque Book, Account Closure, Aadhaar/DBT Consent, and Locker Application.",Central ,Yes,Common,Govt,Yes,State Bank of India Official Portal (www.onlinesbi.sbi),Online,https://sbi.bank.in/documents/53471/53742/Customer+Request+Form+%28Nomination%2CRe-KYC+Form%2CCheque+Book+Request%2CAC+Closure+Form%2CCustomer+Aadhar+Consent+Form+DBTNon-DBT%2CLocker+Application%29-KANNADA+%282%29.pdf/04c47366-6a9d-6df8-2401-05249d7e8d96?t=1761741403077
"Ministry of Finance, Government of India (administered by State Bank of India).",Form E (Nomination Form),Individual PPF account holders wishing to designate a person to receive funds in the event of their death.,The Nominee (the person who will receive the balance amount in the PPF account upon the subscriber's demise).,"PPF Passbook, Nominee's Name, Address & Age, and Witness Signatures (if submitting a physical form).",Hybrid,Fill out the Kannada Nomination Form and submit it along with your original passbook to the branch for recording and stamping.,Ensures a hassle-free transfer of accumulated tax-free savings to the rightful successor without requiring a succession certificate.,Central ,Yes,Common ,Govt,Yes,State Bank of India (SBI) and National Savings Institute.,Online,https://sbi.bank.in/documents/53471/57323638/Public+Provident+Fund+Account+Nomination+Form-Kannada.pdf/d96f0d14-a01b-8c3c-8689-e1bb3e547d78?t=1768888184261
"Ministry of Finance, Government of India (administered by State Bank of India).",Form B (PPF Deposit Slip),Existing PPF account holders (or parents/guardians depositing on behalf of a minor) making an annual contribution.,The Subscriber (the individual whose name is on the PPF account).,"PPF Account Number, Branch Name, and Cash/Cheque for the deposit.",Hybrid ,Fill out the Kannada Deposit Slip with your account details and deposit the cash/cheque at the bank counter to receive a stamped acknowledgment.,"A secure method to credit funds into a long-term, tax-free savings account that earns guaranteed government-backed interest.",Central ,Yes,Common ,Govt,No,State Bank of India (SBI) and National Savings Institute.,Online,https://sbi.bank.in/documents/53471/57323365/Public+Provident+Fund+Account+Deposit+Slip-Kannada.pdf/cd126a72-ad82-55ef-f223-d288b755dda7?t=1768888111313
"Ministry of Finance, Government of India (administered by State Bank of India).","Form-A (Application for Opening a PPF Account)
","Any Resident Indian individual (Single, or on behalf of a Minor/Person of unsound mind).",The Individual Subscriber (for long-term wealth creation and tax saving).,"Aadhaar Card, PAN Card, Passport-sized photographs, and Nomination details.",Hybrid,Submit the provided PDF form along with KYC documents and the initial deposit (minimum ₹500) to an SBI branch.,A 15-year government-backed savings scheme with guaranteed tax-free interest and deductions under Section 80C.,Central ,Yes,Common,Govt,Yes,State Bank of India (SBI) and National Savings Institute.,Online,https://sbi.bank.in/documents/53471/57323776/Public+Provident+Fund+Account+Opening+Form-Kannada.pdf/728e4356-5d6c-138c-8d73-bc6bef8d53c1?t=1768888216199
"Ministry of Finance, Government of India (administered by State Bank of India).",Form-E (SCSS Account Closure Form),SCSS account holders who have reached the 5-year maturity period or meet specific premature closure conditions (subject to penalties).,The Senior Citizen Subscriber (or the nominee/legal heir in case of the subscriber's death) seeking to withdraw the principal and interest.,"Original SCSS Passbook, KYC Proof (Aadhaar/PAN), and a Cancelled Cheque for the credit of funds.",Offline ,Submit the provided PDF form along with your original passbook to the branch manager for processing and payment.,Full disbursement of the principal amount and any outstanding interest earned through the government-backed savings scheme.,Central ,No,Common,Govt,Yes,State Bank of India (SBI) and National Savings Institute.,Online,https://sbi.bank.in/documents/53471/57316240/SCSS+Account+Closure+Form-Kannada.pdf/9635f7c8-a9f7-f2ac-e00a-e8321ea0238b?t=1768887481387
"Ministry of Finance, Government of India (administered by State Bank of India).",Form-B (SCSS Account Deposit Slip),Senior Citizens (60+ years or eligible retirees 55+) making their initial investment or adding funds to their SCSS account,The Senior Citizen Subscriber (the individual whose name is on the SCSS account).,"SCSS Account Number, Branch Name, and Cash/Cheque/DD for the deposit amount.",Offline ,Fill out the provided PDF form with the deposit details and submit it with your cash/cheque at the bank counter for a stamped acknowledgment.,"A secure method to deposit funds into a high-interest, government-backed savings scheme designed specifically for retirement income.",Central ,No,Common ,Govt,Yes,State Bank of India (SBI) and National Savings Institute,Online,https://sbi.bank.in/documents/53471/57316373/SCSS+Account+Deposit+Slip-Kannada.pdf/fab14f7d-c660-53f1-e8ba-4a2bae38c97b?t=1768887523449
"Ministry of Finance, Government of India (administered by State Bank of India).",Form-G (Nomination Change/Variation Form,SCSS account holders who wish to cancel or change an existing nominee in their account.,The New Nominee(s) (the designated person(s) who will receive the balance in the event of the subscriber's death).,"SCSS Passbook, New Nominee's Name, Address & Age, and Witness Signatures.",Offline ,Fill out the provided PDF form with the new nominee details and submit it with your original passbook at the branch.,"Allows the subscriber to update their legal successor, ensuring the retirement funds are transferred to the correct person if family circumstances change.",Central ,No,Common,Govt,Yes,State Bank of India (SBI) and National Savings Institute.,Online,https://sbi.bank.in/documents/53471/57316514/SCSS+Account+Nomination+Change+Form-Kannada.pdf/16431b04-0384-7476-adda-ee83bbbd9ab5?t=1768887572983
"Ministry of Finance, Government of India (administered by State Bank of India).",Form-4 (SSA Account Closure Form),"The Guardian (on behalf of the girl child) when the account reaches 21 years from the date of opening, or for the girl child’s marriage after she turns 18.",The Girl Child (Account Holder) who receives the full maturity amount for her financial future.,"Original SSA Passbook, Identity Proof of the girl child, and Proof of Marriage/Age (if closing for marriage).",Offline ,Submit the provided PDF form and the original passbook at the branch to transfer the maturity amount to the girl child's savings account.,Full disbursement of the principal amount plus compounded interest accumulated over the tenure of the account.,Central ,No,Common,Govt,Yes,State Bank of India (SBI) and National Savings Institute.,Online,https://sbi.bank.in/documents/53471/57322794/SSA+Account+Closure+Form-Kannada.pdf/6cb22cca-b560-aaa1-0c9a-4f882dbe1722?t=1768887874282
"Ministry of Finance, Government of India (administered by State Bank of India and other banks)",Form SSA-1 (Application for Opening a Sukanya Samriddhi Account) ,"Resident Indian girl child up to 10 years of age (maximum two girls per family, with exceptions for twins/triplets).","The Girl Child, with the account operated by her Parent or Legal Guardian.","Birth Certificate of the girl child, ID & Address Proof of the guardian (Aadhaar/PAN), and passport-sized photographs.",Hybrid,"Fill out Form SSA-1 on the SBI Portal or Net Banking, print it, and submit it with KYC documents and a minimum deposit of ₹250 at any SBI branch.","A high-interest, tax-free savings account with a 21-year maturity period, offering deductions under Section 80C.",Central ,No,Common ,Govt,Yes,State Bank of India (SBI) and National Savings Institute (NSI).,Online,https://sbi.bank.in/documents/53471/57322930/SSA+Account+Opening+Form-Kannada.pdf/981cb4af-936a-83b0-6c78-33230476439d?t=1768887910628
"Ministry of Finance, Government of India (administered by State Bank of India).
",Form-2 (SSA Premature Closure Form),"The Guardian or Account Holder (Girl Child) only under specific extreme grounds: Death of the account holder/guardian, Life-threatening disease, or Non-resident status (if the girl child becomes an NRI).",The Girl Child (or the Guardian/Nominee in case of the child's death).,"Original SSA Passbook, Death Certificate (if applicable), Medical Certificate from a specialist, or Passport/Visa copies (for NRI status).",Offline ,Submit the provided PDF form along with the original passbook and certified proof of the emergency/reason to the Branch Manager.,"Early disbursement of the principal and interest before the 21-year maturity period, providing immediate liquidity for emergencies or status changes.",Central ,No,Uncommon ,Govt,Yes,State Bank of India (SBI) and National Savings Institute.,Online,https://sbi.bank.in/documents/53471/57323068/SSA+Account+Premature+Closure-Kannada.pdf/05ed6e29-8f9e-c6e3-2ea9-ff45e7fc5dbc?t=1768887947893
"Ministry of Finance, Government of India (administered by State Bank of India).",Form-3 (SSA Withdrawal Form),"The Account Holder (Girl Child) after reaching 18 years of age or having passed 10th standard, whichever is earlier.","The Girl Child, for the purpose of meeting expenses for her Higher Education.","Original SSA Passbook, Identity Proof, and Admission Offer/Fee Receipt from the educational institution.",Offline ,Submit the provided PDF form and the original passbook with proof of admission to the branch manager for approval.,Partial withdrawal of up to 50% of the balance available at the end of the preceding financial year.,Central ,No,Common ,Govt,Yes,State Bank of India (SBI) and National Savings Institute.,Online,https://sbi.bank.in/documents/53471/57316091/SSA+Account+Withdrawal+Form-Kannada.pdf/b57d72a8-78a5-1cc4-2120-60a37e01b137?t=1768887412878
State Bank of India (SBI),Withdrawal Form,Savings Account holders who do not have (or do not wish to use) a cheque book or ATM card for that specific transaction.,The Account Holder (self-withdrawal only; withdrawal slips are generally not for third-party payments).,"Original Passbook (mandatory), Account Number, and Identity Proof (if requested).",Hybrid,Fill the Withdrawal Slip and present it along with your Savings Bank Passbook to the teller at your home or nearby branch.,A simple way to withdraw cash from your own account at a bank counter without using a cheque.,Central ,Yes,Common ,Govt,No,State Bank of India Official Portal (www.onlinesbi.sbi),Online,https://sbi.bank.in/documents/53471/53742/WITHDRAWAL+SLIP-KANNADA.pdf/313a7813-7e67-a295-d89c-f49057a39cf6?t=1761741765781
State Bank of India (SBI),Application to open an Account,"Any Resident Indian (Individual, Joint, or Minor) with valid identity and address proof.","Individual citizens, minors, or joint holders wishing to save money and access banking facilities.","Aadhaar card and PAN card, along with two passport-sized photographs and a valid address proof if your current residence differs from your Aadhaar.",Hybrid,Fill out the Kannada Account Opening Form and submit it with your KYC documents to the nearest SBI branch for verification.,"A secure savings or current account with access to ATM/Debit Card, Cheque book, Internet Banking, and Mobile Banking.",Central ,Yes,Common ,Govt,No,State Bank of India Official Portal (www.onlinesbi.sbi),Online,https://sbi.bank.in/documents/53471/57322930/SSA+Account+Opening+Form-Kannada.pdf/981cb4af-936a-83b0-6c78-33230476439d?t=1768887910628
State Bank of India (SBI),Form DA-2 (Cancellation of Nomination),"Individual account holders (Single or Joint) who wish to remove an existing nominee from their Savings, Current, or Fixed Deposit account.",The Account Holder (who regains control over the nomination status of their assets).,"Account Number, Existing Nominee's Name, and Aadhaar/ID proof of the account holder.",Hybrid,"Select ""Nomination"" > ""Cancel Nomination"" in OnlineSBI, or submit a physical DA-2 form to your home branch","Legal cancellation of a previous nomination, ensuring that funds are not automatically transferred to a person the holder no longer wishes to designate.",Central ,Yes,Common,Govt,No,State Bank of India Official Portal (www.onlinesbi.sbi),Online,https://sbi.bank.in/documents/53471/57316514/SCSS+Account+Nomination+Change+Form-Kannada.pdf/16431b04-0384-7476-adda-ee83bbbd9ab5?t=1768887572983
State Bank of India (SBI),Home Loan Application Form,"Resident Indians or NRIs, aged 18–75, with a stable source of income (Salaried, Self-Employed, or Professionals)","Individuals seeking financial assistance for purchasing, constructing, extending, or renovating a residential property","PAN Card, Aadhaar Card, last 3 months' salary slips, last 2 years' ITR/Form 16, bank statements for 6 months, and property title deeds/allotment letter",Hybrid,"Submit the filled form with KYC and financial proofs for credit appraisal, followed by technical and legal verification of the property before final sanction and disbursement","Collateral-based loans for property with tenures up to 30 years, featuring competitive interest rates linked to external benchmarks (EBLR) and no hidden charges",Central ,Yes,Common,Govt,Yes,State Bank of India (SBI) Official Website,Online,https://homeloans.sbi.bank.in/downloads/Home-Loan-Application-Form-Kannada.pdf
,Education Loan Application Form,,,,,,,,,,,,,,https://sbi.bank.in/documents/53471/57921948/Education+Loan+Application+Form-Kannada.pdf/df955231-87b3-a531-d034-9d163eb76e84
State Bank of India (SBI),Account Opening Form - Resident Individual,"Any Resident Indian (Individual, Joint, or Minor) with valid identity and address proof.","Individual citizens, minors, or joint holders wishing to save money and access banking facilities.","Individual citizens, minors, or joint holders wishing to save money and access banking facilities.",Hybrid,Fill out the Kannada Account Opening Form and submit it with your KYC documents to the nearest SBI branch for verification.,"A secure savings or current account with access to ATM/Debit Card, Cheque book, Internet Banking, and Mobile Banking.",Central ,Yes,Common ,Govt,No,State Bank of India Official Portal (www.onlinesbi.sbi),Online,https://sbi.bank.in/documents/53471/53742/ACCOUNT+OPENING+FORM-RESIDENT+INDIVIDUAL-KANNADA.pdf/de615a3a-aee2-5fc6-5e9d-501c30d5343f?t=1761740145646
State Bank of India (SBI).,AG-LAF-IND (Agriculture Loan Application Form),"Individual farmers (owner cultivators, tenant farmers, oral lessees, or sharecroppers) and Agri-entrepreneurs.","Farmers engaged in crop cultivation, allied activities (dairy, poultry, fisheries), or those needing investment credit for farm machinery.","ID Proof (Aadhaar/PAN), Address Proof, Land ownership/Lease records, and Cropping pattern details.",Hybrid,"Fill the individual application form (AG-LAF-IND), attach land records, and submit it to the Rural/Semi-urban branch for technical appraisal.","Financial support for short-term crop production (KCC), allied activities, farm mechanization (tractors/harvesters), and land development.",Central ,Yes,Common,Govt,Yes,State Bank of India Official Portal (www.onlinesbi.sbi),Online,https://sbi.bank.in/documents/14463/3756850/Agriculture+Loan+Application+Form+-++Kannada.pdf/3d8d5d0d-6a90-d191-0848-6b5e90a6ac00?t=1757919802066
"Ministry of Finance, Government of India (administered by State Bank of India).",Form-A (SCSS Account Opening Form),"Individuals aged 60 years or above, or retirees aged 55-60 (under VRS/Superannuation) and retired defense personnel aged 50+.","Senior Citizens looking for a safe, government-backed investment with regular quarterly income.","Aadhaar Card, PAN Card, Passport Photographs, and Proof of Date of Birth/Retirement.",Offline ,Submit the provided PDF form along with your KYC documents and the initial deposit (Cheque/DD) at your nearest SBI branch.,A 5-year investment (extendable by 3 years) offering quarterly interest payments and tax deductions under Section 80C.,Central ,No,Common ,Govt,Yes,State Bank of India (SBI) and National Savings Institute,Online,https://sbi.bank.in/documents/53471/57316652/SCSS+Account+Opening+Form-Kannada.pdf/27a6dd29-dcf7-48b3-25e3-4f05d8344988?t=1768887612196
Ministry of Housing and Urban Affairs (MoHUA),Annexure 1A (Common Loan Application Form - Kannada Version),"Street vendors (urban/rural) who were vending on or before March 24, 2020, and have a Certificate of Vending (CoV) or Letter of Recommendation (LoR).","Individual Street Vendors (selling vegetables, fruits, street food, tea, apparel, etc.) in Karnataka.","Aadhaar Card, Vending Certificate (CoV/ID/LoR), and an Aadhaar-linked Bank Passbook.",Hybrid ,"Fill out the Kannada LAF Form with your vending details and Aadhaar-OTP, then submit it to an SBI branch or upload it online.","A collateral-free working capital loan of ₹10,000 (1st loan), ₹20,000 (2nd), and ₹50,000 (3rd) with a 7% interest subsidy.",Central ,Yes,Common ,Govt,No,Ministry of Housing and Urban Affairs (MoHUA) and State Bank of India (SBI).,Online,https://drive.google.com/file/d/1_S29XqwpMpBi35rWdAwpZxPYh2Mrgod4/view?usp=sharing
,Sukanya Samriddhi Account (SSA) Opening Form,,,,,,,,,,,,,,https://sbi.bank.in/documents/53471/57322930/SSA+Account+Opening+Form-Kannada.pdf/981cb4af-936a-83b0-6c78-33230476439d
Economic Empowerment / Micro-Credit,Loan Application Form / LAF (Kannada Version),"Urban, peri-urban, or rural street vendors actively trading on or before March 24, 2020, who possess an official Identity Card or Certificate of Vending (CoV)","Individual micro-retailers and street hawkers (e.g., vegetable/fruit sellers, tea stalls, cobblers, and apparel vendors)","Aadhaar Card, Vendor ID Card / Certificate of Vending (CoV), and an Aadhaar-linked Bank Passbook",Hybrid,"Complete the form in Kannada with personal and micro-business metrics, cross-reference your Survey Reference Number (SRN), and present it to the bank for digital verification and asset disbursement","Collateral-free operational working capital loans of ₹10,000 (1st tranche), graduating to ₹20,000 (2nd) and ₹50,000 (3rd) upon successful, timely repayments featuring a 7% interest subsidy",Central ,Yes,Common ,Govt,No,State Bank of India (SBI) Portal and Ministry of Housing and Urban Affairs (MoHUA),Online,https://sbi.bank.in/documents/14463/0/05+PMSVANidhi_LAF+-+Kannada.pdf/7a83b1fd-64fe-041a-0ea5-45b55a3a6b2a?t=1755861828466
Department of Financial Services (DFS),Mudra Loan Application Form,"Small business owners, proprietors, or partners in non-farm, non-corporate micro-enterprises (manufacturing, trading, or services).","Micro-entrepreneurs needing capital for business start-up, expansion, or working capital.","Aadhaar/Voter ID, PAN Card, Address Proof, Business Proof (Udyam), and Past 6 months' bank statements.",Hybrid,"Fill out the Kannada Mudra Form with your business details and project report, then submit it to an SBI branch for appraisal.","Collateral-free loans in three categories: Shishu (up to ₹50,000), Kishore (₹50,001 to ₹5 Lakh), and Tarun (₹5,00,001 to ₹10 Lakh).",Central ,Yes,Common ,Govt,No,MUDRA (Micro Units Development & Refinance Agency Ltd.) and State Bank of India (SBI).,Online,https://sbi.bank.in/documents/14463/0/15+PMMY++Application+Form+-+Kannada.pdf/6a7f0841-40f3-1977-09e1-7e522c304cf4?t=1755862248179
SBI Life Insurance Company Limited,"Partial Withdrawal Cum Surrender Application Form - Kannada
",Policyholders of Unit Linked Insurance Plans (ULIPs) who have completed the mandatory 5-year lock-in period and wish to withdraw a portion of their accumulated fund value without terminating the policy,"The primary policyholder seeking partial liquidity for personal financial requirements (such as education, medical emergencies, or marriage)","Original Policy Document (or copy), self-attested Identity/Address Proof, and a cancelled cheque or bank passbook copy for direct fund transfer",offline,"Fill out the form in Kannada specifying the withdrawal amount or percentage, attach banking proofs, and submit it to an SBI Life branch for unit liquidation and fund credit","The primary policyholder seeking partial liquidity for personal financial requirements (such as education, medical emergencies, or marriage)",National,no,Common ,Govt,yes,SBI Life Insurance Company Limited Official Download Centre,offline,https://www.sbilife.co.in/documents/20118/512771/Partial%2BWithdrawal%2B-%2BV7%2B-%2BKannada.pdf/a1e4463a-5cc8-510a-1559-e62d2cce50bf?version=2.0&t=1773750284912&download=true
Insurance Administration / Policy Cancellation & Refund,RinnRaksha FLC Cover Cancellation Form - Kannada,"Borrowers who have opted for the RiNn Raksha credit-life insurance policy alongside their loan (like a home or vehicle loan) but wish to cancel it within the permissible ""Free Look"" period (usually 15 to 30 days of receiving the policy) or because the loan was not availed/was closed within 90 days","The primary loan applicant/policyholder, who receives a refund of the premium amount (minus proportionate risk premium and stamp duty) credited back to their loan or savings account","Original Certificate of Insurance (COI), loan account details, self-attested KYC documents (Aadhaar/PAN), and a cancelled cheque or bank passbook copy for the refund credit",offline,"Fill out the cancellation request in Kannada, state the reasons or loan status, obtain a No Objection Certificate (NOC) signature from your SBI bank branch manager, and submit it along with the original insurance certificate",Provides a formal legal mechanism to opt out of the loan protection insurance cover and claim a refund of the paid premium if the customer is unsatisfied with the terms or if the underlying loan is canceled/foreclosed early,National,no,Common ,Govt,yes,SBI Life Insurance Company Limited Official Download Centre,offline,https://www.sbilife.co.in/documents/20118/514006/RiNn_Raksha_FLC_Cover_Cancellation_Form_Kannada.pdf/4375b0da-6aa7-c434-f410-c0acf0d34a24?version=2.0&t=1773747500550&download=true
Insurance Administration / Account Maintenance,Request for change in Signature Form - Kannada,"Policyholders whose current signature does not match the signature originally recorded in the insurance policy proposal form, or who wish to deliberately update their signature due to changes over time","The policyholder, ensuring their future claims, maturity payouts, or alter requests are not rejected due to a signature mismatch","Self-attested PAN Card or Passport, recent bank statement or cancelled cheque displaying the new signature, and a valid photo ID proof",offline,"Fill out the form in Kannada, mark your new signature, get it attested by a designated bank manager or authorized SBI Life official, and submit it with your identity proof",Formally updates and rectifies the policyholder's signature in the official database of the insurance provider to safeguard the policy against potential fraud and processing delays,National,no,Common ,Govt,yes,SBI Life Insurance Company Limited Official Download Centre,offline,https://www.sbilife.co.in/documents/20118/513697/Request_for_change_in_signature_Kannada.pdf/18d2f8d3-4ea1-bf24-09ac-84b7dc3d156f?version=2.0&t=1773748096267&download=true
Insurance Administration / Transfer of Rights,Reassignment Form - Kannada,"Policyholders who previously assigned their life insurance policy to a bank or financial institution as collateral for a loan, and have now fully repaid that loan","The original policyholder, who regains full legal ownership, rights, and benefits of their insurance policy","Original Insurance Policy Document, Loan Closure Certificate/No Dues Certificate from the bank, and Identity Proof of the policyholder",offline,"Fill out the form in Kannada with policy details, obtain the bank's signature/stamp confirming loan clearance, and submit it alongside the original policy bond for registration","Formally transfers the legal title, money, and advantages of the insurance policy back from the financier (assignee) to the original policyholder (assignor)",National,no,Common ,Govt,yes,SBI Life Insurance Company Limited Official Download Centre,offline,https://www.sbilife.co.in/documents/20118/513389/Reassignment_Form_Kannada.pdf/45b48f39-fb93-c4d5-c60f-edacc019f6a3?version=2.0&t=1773749137180&download=true
Insurance Administration / Legal Indemnity,Surety Letter - Kannada,"Policyholders or nominees who have lost the original policy document, or in cases where a claim/title is being established without standard documentation","The policyholder, nominee, or legal heir seeking to receive policy benefits or a duplicate document","Policy details, ID proof of the surety (witness/guarantor), and often an accompanying Indemnity Bond on non-judicial stamp paper",offline,Identify a suitable guarantor to sign the surety letter in the presence of authorized officials and submit it along with the request for a duplicate policy or claim settlement,A legal undertaking by a third party (Surety) to indemnify the insurance company against any future losses or disputes arising from the specific policy request,National,no,Common ,Govt,yes,SBI Life Insurance Company Limited Official Download Centre,offline,https://www.sbilife.co.in/documents/20118/513080/Policy_Servicing_Surety_Letter_Kannada.pdf/b046eed9-ff4f-d38f-67b0-c232aacbb6cb?version=2.0&t=1773749570039&download=true
SBI Life Insurance Company Limited (administered in coordination with regional rural banks and cooperative banks),Death Claim Form - Grameen Shakti Kannada,In the unfortunate event of the demise of a rural community member who was active and covered under the Grameen Shakti master policy group plan,"The registered nominee, immediate family member, or legal heir of the deceased policyholder","Original insurance passbook/certificate, Death Certificate issued by local municipal authorities, Nominee identity proof, and Nominee's bank passbook for direct benefit transfer",offline,"The nominee fills out the form with the deceased member's details and policy number, attaches the required death and KYC certificates, and registers the claim at the local bank branch",Immediate financial payout of the total sum assured to the nominee to cover immediate livelihood requirements and offer financial stability to the rural family,National,no,Common ,Govt,yes,SBI Life Insurance Company Limited Official Download Centre,offline,https://www.sbilife.co.in/documents/20118/515675/Death_Claim_Form_Grameena_Shakti_Kannada_18062019.pdf/7e0b8ce2-32d6-a0f7-b71e-ced5e3197e4e?version=1.1&t=1765028635898&download=true