Question No,Question
1,what is CIF (ACCOUNT OPENING FORM FOR RESIDENT INDIVIDUAL)
2,what is CKYC (ACCOUNT OPENING FORM FOR RESIDENT INDIVIDUAL)
3,what is BSBDA (ACCOUNT OPENING FORM FOR RESIDENT INDIVIDUAL)
4,what is FATCA (ACCOUNT OPENING FORM FOR RESIDENT INDIVIDUAL)
5,what is TIN (ACCOUNT OPENING FORM FOR RESIDENT INDIVIDUAL)
6,normal/small/minor account type means what? (ACCOUNT OPENING FORM FOR RESIDENT INDIVIDUAL)
7,what is mode of operation (ACCOUNT OPENING FORM FOR RESIDENT INDIVIDUAL)
8,what are equivalent e-documents (ACCOUNT OPENING FORM FOR RESIDENT INDIVIDUAL)
9,what is facility type - cc (Agriculture Loan Application Form)
10,what is facility type - tl/dl (Agriculture Loan Application Form)
11,what is facility type - od
12,what are sourcing entities - branch/rmru/fsto (Agriculture Loan Application Form)
13,what are sourcing entities - dsa/dse/sboss/ba (Agriculture Loan Application Form)
14,how to categorize asset as movable/immovable/liquid (Agriculture Loan Application Form)
15,what is primary vs collateral security (Agriculture Loan Application Form)
16,difference between individual and non-individual form (Agriculture Loan Application Form)
17,what qualifies as a tie-up which has to be mentioned (Agriculture Loan Application Form)
18,what is rlms application no. (auto loan application)
19,what is sourcing entity type - branch/mpst (auto loan application)
20,what is sourcing entity type - ssl (auto loan application)
21,what is sourcing entity type - dealer (auto loan application)
22,what is sourcing entity type - alc (auto loan application)
23,is passport compulsory (auto loan application)
24,what is NACH repayment mode (auto loan application)
25,what is exim registration code (Application form for msme loans (business loan))
26,what is urc
27,what is ZED rated meaning (Application form for msme loans (business loan))
28,what is type of facility cash credit (Application form for msme loans (business loan))
29,what is type of facility term loan (Application form for msme loans (business loan))
30,what is type of facility LC/BG (Application form for msme loans (business loan))
31,what are proforma invoices (Application form for msme loans (business loan))
32,what are BIS/FPO/ISO specifications and for what kind of businesses should the be follwed (Application form for msme loans (business loan))
33,what are BIS/FPO/ISO specifications and for what kind of businesses should the be follwed (Application form for msme loans (business loan))
34,what are BIS/FPO/ISO specifications and for what kind of businesses should the be follwed (Application form for msme loans (business loan))
35,what are kishor/tarun categories (PMMY Loan application)
36,what is shishu category (PMMY Loan application)
37,how to select business type (PMMY Loan application)
38,will there be penalties if predictions are not met (PMMY Loan application)
39,what is form 16 (personal loan application form)
40,for whom is form 16 mandatory (personal loan application form)
41,what is DSP-PMSP-ICGSP (personal loan application form)
42,what is LOS (personal loan application form)
43,what is LMS/OCAS (personal loan application form)
44,what is repayment mode - PDCs (personal loan application form)
45,what is repayment mode - ECS (personal loan application form)
46,what is No. of units acquired in single residential housing project/co-operative residential complex (Home loan application form)
47,what is Power of attorney (Home loan application form)
48,what is IFSC CODE (Home loan application form)
49,what is HFC/FI in Takeover of Home Loans from other Banks / HFCs/FIs (Home loan application form)
50,what is RERA (Home loan application form)
51,what is sale transaction category normal sale/ POA Sale/ Gift deed/ thru 3rd party guarantor (Home loan application form)
52,what is collateral type term deposit/ NSC/KVP / Govt. promissory Note / Immovable property / Third party guarantee (Home loan application form)
53,Can savings for a minor be withdrawn (SSA Account Withdrawal)
54,What things need to be ensured when withdrawing savings for a minor (SSA Account Withdrawal)
55,Will I need a SB account to withdraw the savings (SSA Account Withdrawal)
56,What options do I have to withdraw my savings to (SSA Account Withdrawal)
57,What is a demand draft (SSA Account Withdrawal)
58,Maximum withdrawal account is (SSA Account Withdrawal)
59,what are the rules for premature withdrawal (SSA Account Withdrawal)
60,Can I withdraw the savings after death of the minor (SSA Account Withdrawal)
61,Whether NRI can be made nominee? (SSA Account Withdrawal)
62,Whether Guardian can be changed in case of account of minor or person of unsound mind? (SSA Account Withdrawal)
63,What options do I have to withdraw my savings to (SSA Account Premature Closure)
64,When will the account be close on premature death (SSA Account Premature Closure)
65,Till when will I get the interest on the amount and what will happen to the amount on premature death (SSA Account Premature Closure)
66,What about the interest on the amount fro the date of death and the date of closure of account (SSA Account Premature Closure)
67,What happens to the account in case of life threating disease to the the account holder (SSA Account Premature Closure)
68,What is CBS (SSA Account Premature Closure)
69,What happens when the account holder become a non-resident of India (SSA Account Premature Closure)
70,what is the Power to relax (SSA Account Premature Closure)
71,Who will sanction the premature closure (SSA Account Premature Closure)
72,What are the qualifications for openeing the account (SSA Application for opening an account)
73,where to open the account (SSA Application for opening an account)
74,What is the interest rate I can expect (SSA Application for opening an account)
75,Can I get a tax exemption for this (SSA Application for opening an account)
76,what is 80C of Income Tax act ? (SSA Application for opening an account)
77,What documents will I need to open the SSA account (SSA Application for opening an account)
78,What can be submitted as Address proof (SSA Application for opening an account)
79,What documents of the depositor is needed (SSA Application for opening an account)
80,Operation of the account will be (SSA Application for opening an account)
81,Can there be two accounts for the same depositor (SSA Application for opening an account)
82,What declarations need to be done in order to open the account (SSA Application for opening an account)
83,what all can be changed using this form (customer request form)
84,what is PPO/FPPO (customer request form)
85,what is term deposit (customer request form)
86,what is term deposit (re-investment) (customer request form)
87,what is annuity deposit (customer request form)
88,what is autosweeper or MOD (customer request form)
89,what is LIFO
90,Where can I withdraw the amount to ? (SSA Account Closure Form)
91,When will the  account mature (SSA Account Closure Form)
92,Can the account closure be done before the account reaches 21 years of age (SSA Account Closure Form)
93,what are the conditions of closure of the account incase of marriage (SSA Account Closure Form)
94,what are things need to be taken care of while closing the account due to intended marriage (SSA Account Closure Form)
95,What is the official procedure for closing an India Post savings account when the withdrawal amount is 20
96,what is the deposit limits (SSA Account Closure Form)
97,what all can i deposit using this (deposit slip)
98,what can i not deposit using this (deposit slip)
99,can i deposit multiple things of the same kind at once using a single slip (deposit slip)
100,how to deposit 1
101,should i fill both the halves? (deposit slip)
102,who is SWO/Passing officer (deposit slip)
103,what does crossing cheques mean (deposit slip)
104,can i still deposit the out of circulation 1k and 2k notes? (deposit slip)
105,what is COS161R (Withdrawal Slip)
106,what is OVD (Withdrawal Slip)
107,what is GCC (Withdrawal Slip)
108,what is the limit for withdrwal in GCC (Withdrawal Slip)
109,Can I direct the amount from my account to another account (Withdrawal Slip)
110,What methods can you use to withdraw from your account (Withdrawal Slip)
111,What all details should I fill in the form (Withdrawal Slip)
112,in what denominations are available in the withdrawal slip (Withdrawal Slip)
113,what should I ensure when using OVD and GCC to withdraw amount (Withdrawal Slip)
114,what is the liimits for opening the account (SCSS Account Opening Form)
115,How long can the account be extended (SCSS Account Opening Form)
116,what is the interest rate I can expect (SCSS Account Opening Form)
117,what will happen if I dont claim the interest that is payable every quarter (SCSS Account Opening Form)
118,who can be the second account holder (SCSS Account Opening Form)
119,what documents are accepted as valid for purpose of identification and address proof (SCSS Account Opening Form)
120,what is the tax benifit (SCSS Account Opening Form)
121,TDS will be deducted if the total interest exceeds Rs 50
122,Eligibility for the scheme (SCSS Account Opening Form)
123,who arent explicitly not allowed to open a SCSS account (SCSS Account Opening Form)
124,what is the limit on cash deposit (SCSS Account Opening Form)
125,what type of accounts can I open (SCSS Account Opening Form)
126,what are all the documents needed to open the form (SCSS Account Opening Form)
127,what all details are required to add nominees (SCSS Account Opening Form)
128,who signs as co-applicant and who signs as guarantor (education loan application form)
129,how accurateshould cost of source and future of finance be. confusion owing to possible fee hike or scholarship (education loan application form)
130,what is SBI Rinn Raksha (education loan application form)
131,what is moratorium (education loan application form)
132,should i submit physical form along with application vidya lakshmi portal (education loan application form)
133,Can a nomination be made after the account has already been opened? (APPLICATION FOR NOMINATION/CHANGE/CANCELLATION OF NOMINATION   form)
134,Can a nomination be cancelled or changed? (APPLICATION FOR NOMINATION/CHANGE/CANCELLATION OF NOMINATION   form)
135,If there is no nomination in the account
136,What data needs to be enterd to change nominees (APPLICATION FOR NOMINATION/CHANGE/CANCELLATION OF NOMINATION   form)
137,What information is needed incase of minor (APPLICATION FOR NOMINATION/CHANGE/CANCELLATION OF NOMINATION   form)
138,how do I cancel or revoke the nominations made earlier (APPLICATION FOR NOMINATION/CHANGE/CANCELLATION OF NOMINATION   form)
139,what is kfs for (key fact statement)
140,who should fill it (key fact statement)
141,what should i do with it (key fact statement)
142,what are key points that i should check (key fact statement)
143,if some blank is not matching
144,what are the rules for depositing amount into my account (SCSS Account Deposit Slip)
145,what is the cheque or DD realisation charge (SCSS Account Deposit Slip)
146,what is account transfer fees (SCSS Account Deposit Slip)
147,what is duplicate passbook fees (SCSS Account Deposit Slip)
148,what are the accepted modes of deposit (SCSS Account Deposit Slip)
149,what denominations can i use to deposit (SCSS Account Deposit Slip)
150,what other details should I keep in mind to have to fill in the form (SCSS Account Deposit Slip)
151,Can deposits under the SCSS scheme be made only from amounts received as retirement’s benefits? (SCSS Account Deposit Slip)
152,what happens if i deposit more than the acceptable ammount (SCSS Account Deposit Slip)
153,what is the permissible limit for cash payment (PPF account closure form)
154,"what is that """"certified for use Minor"""" (PPF account closure form)"
155,when will the account closure possible (SCSS Application for closure of account))
156,what details are needed  in the form (SCSS Application for closure of account))
157,what methods are available for withdrawal of amount (SCSS Application for closure of account))
158,incase of adding a thumb impression what things to be note (SCSS Application for closure of account))
159,what does overpaid interest mean (SCSS Application for closure of account))
160,conditions for the interest to be deposited (SCSS Application for closure of account))
161,wahat happens incase I the depositor dont close the account (SCSS Application for closure of account))
162,what happens incase of death (SCSS Application for closure of account))
163,what are the rules for depositing amount into my account (PPF Account Deposit slip)
164,what is the cheque or DD realisation charge (PPF Account Deposit slip)
165,what is account transfer fees (PPF Account Deposit slip)
166,what is duplicate passbook fees (PPF Account Deposit slip)
167,what are the accepted modes of deposit (PPF Account Deposit slip)
168,what denominations can i use to deposit (PPF Account Deposit slip)
169,what other details should I keep in mind to have to fill in the form (PPF Account Deposit slip)
170,what happens if i deposit more than the acceptable ammount (PPF Account Deposit slip)
171,what details of mine are needed to add nominee (Public Provident Fund Account Nomination Form)
172,what details of the nominees are needed (Public Provident Fund Account Nomination Form)
173,what happens in case of adding minors in nominees (Public Provident Fund Account Nomination Form)
174,when can i add nominees (Public Provident Fund Account Nomination Form)
175,Can i add nominee for a account opened for a minro (Public Provident Fund Account Nomination Form)
176,can I change the nomination after making it (Public Provident Fund Account Nomination Form)
177,what can the nominees do incase of death of the depositor (Public Provident Fund Account Nomination Form)
178,what happens incase no nominees are mentioned (Public Provident Fund Account Nomination Form)
179,what about the interest to be paid by the nominees after death of the account owner (Public Provident Fund Account Nomination Form)
180,will there be fees for add or chaning the nominations (Public Provident Fund Account Nomination Form)
181,can I extend my PPF account as a NRI (Public Provident Fund Account Extension Form-)
182,can a person holding power of attorney extend the PPF account (Public Provident Fund Account Extension Form-)
183,what withdrawals can I make after extension (Public Provident Fund Account Extension Form-)
184,can I open a new account instead of extending a account (Public Provident Fund Account Extension Form-)
185,can I cancel my extension request (Public Provident Fund Account Extension Form-)
186,is there tax concessions in the extended period also (Public Provident Fund Account Extension Form-)
187,What withdrawals can I make in the extended perios (Public Provident Fund Account Extension Form-)
188,what details need to be given for extension of the ppf account (Public Provident Fund Account Extension Form-)
189,equivalent to two months net salary is the total new limit or over and above existing limit (overdraft against salary form)
190,"what does """"reducing drawing power basis"""" mean (overdraft against salary form)"
191,what is MCLR (overdraft against salary form)
192,what is bps (overdraft against salary form)
193,what if latest 2 months salary slips cannot be produced (overdraft against salary form)
194,what is ULB (PM SVANidhi form)
195,who should filll this (PM SVANidhi form)
196,important pointers while filling (PM SVANidhi form)
197,what is the form for (loan against property allocation form)
198,meaning of the roles applicant
199,what are processing fees
200,is it compulsory to consent to share my personal financial data with SBI's Group Companies
201,what is LTV and how much is allowed (loan against property allocation form)
202,difference in bullet repayment and emi schemes (gold loan application form)
203,what is realty gold loan and why does it require builder letters (gold loan application form)
204,what is gross weight and net weight and how to enter it (gold loan application form)
205,what is 75% LTV (gold loan application form)
206,Is data sharing consent compulsory (gold loan application form)
